TransitionComputerCode,RouteString
ACONY3 SAPPO,PALDE SAPPO
ADELL7 AKMIE,ADELL AKMIE
ADELL7 ARLYN,ADELL AKMIE ARLYN
ADYOS3 GUP,ADYOS BABYY BUSLE GUP
ADYOS3 ZUN,ADYOS PNYON ZUN
AEROZ2 SJT,AEROZ SJT
AGERS1 DUCEN,AGERS PERTS AARPS MMART ENWOD SEAZY DUCEN
AGERS1 HURGI,AGERS HURGI
AHEHU3 FANID,AHEHU FANID
AHEHU3 FIPFE,AHEHU FIPFE
AHMET4 EWC,KKIDS ZAVEE EWC
AHMET4 NUSMM,KKIDS NUSMM
AKUNA9 MLC,AKUNA TIKYS MLC
ALAMO4 GOBBY,SAT GOBBY
ALAMO4 AGJ,SAT GOBBY AGJ
ALAMO4 HENLY,SAT HENLY
ALAMO4 JUMBO,SAT HENLY JUMBO
ALCOS6 CKW,ALCOS CKW
ALCOS6 MBW,ALCOS MBW
AEX3 CEW,AEX MCB CEW
AEX3 MCB,AEX MCB
ALMDN4 HRNER,ALMDN DEEII HRNER
ALMDN4 MOGEE,ALMDN ROANA KAESS MOGEE
ALMDN4 ORRCA,ALMDN ROANA AXXXX ORRCA
ALMDN4 SYRAH,ALMDN ROANA SYRAH
ALMDN4 TIPRE,ALMDN ROANA HNNLE TIPRE
ALPIN4 BPI,KICNE BPI
ALPIN4 IDA,KICNE IDA
ALPYN1 YERIN,ALPYN RYANN YERIN
ALTNN2 DUCEN,ALTNN MMART ENWOD SEAZY DUCEN
AMEEE1 COLIN,AMEEE COLIN
AMEEE1 SCOOB,AMEEE COLIN SCOOB
AMERY4 ROWIN,AMERY ROWIN
AMERY4 TYPHO,AMERY TYPHO
ANAHM1 HEC,SLI PDZ APLES HEC
ANAHM1 LHS,SLI POXKU BAYJY DARTS LHS
ANAHM1 VTU,SLI WILMA LAX SADDE VTU
ARCHZ1 KROST,ARCHZ TRILA EDETH GAROT KROST
ARCHZ1 MLF,ARCHZ TRILA EDETH SEVYR MLF
ARCHZ1 WINEN,ARCHZ TRILA EDETH WINEN
ARDIA7 CLL,ARDIA ELLVR CLL
ARDIA7 ELLVR,ARDIA ELLVR
ARSNL5 FLUKY,CSN FLUKY
ARSNL5 GVE,CSN GVE
ARSNL5 LDN,CSN LDN
ARSNL5 MRB,CSN DAWNZ MRB
ARSNL5 MOL,CSN MOL
ARSNL5 WITTO,CSN WITTO
ARSNL5 WOOLY,CSN DAWNZ MRB WOOLY
ATKNN5 FLOGS,ATKNN ZILEK FLOGS
ATKNN5 GREBE,ATKNN JEBSU FEPOX RUTER GREBE
ATKNN5 NOCHI,ATKNN HAVID ALIBY NOCHI
ATKNN5 SLNNK,ATKNN JEBSU FEPOX BOATY SLNNK
AUREL3 PRESN,SIRPE PRESN
AUREL3 REAPS,SIRPE REAPS
AUREL3 SOLDE,SIRPE SOLDE
AUS7 AGJ,CWK AGJ
AUS7 JCT,CWK AMUSE JCT
AUS7 SAT,CWK SAT
AUS7 STV,CWK AMUSE STV
AUTMN6 LUVEC,AUTMN LUVEC
AVILA4 GVO,AVILA ORCUT GVO
AVILA4 MQO,AVILA MQO
AVILA4 WINCH,AVILA SAKWE WINCH
AZONE7 PITEW,AZONE PITEW
BACH1 EIC,TTT CLARE POTEN TEKBE SHRLY EIC
BACH1 LIT,TTT NOBLY COBUG ORTRO LIT
BACH1 SOLDO,TTT SOLDO
BACH1 TXK,TTT TRISS SHERO TXK
BALDY3 ACH,MAXXO ACH
BALDY3 CNX,MAXXO CNX
BANGR9 ARRIE,BANGR ARRIE
BANGR9 PANGL,BANGR PANGL
BANNG3 LUCKK,BANNG LUCKK
BARII3 SINKR,BARII SINKR
BARMY5 NUTZE,BARMY BATTA NUTZE
BARMY5 RDU,BARMY BATTA RDU
BARMY5 TYI,BARMY BATTA TYI
BAYLR6 HBU,BAYLR BOBBA HBU
BAYLR6 TEHRU,BAYLR BOBBA TEHRU
BAYPO2 CAMJO,BAYPO ECAKE WILON SPRNG CAMJO
BAYPO2 WILON,BAYPO ECAKE WILON
BBKNG7 KERMI,BBKNG KERMI
BEACH4 HARPO,BEACH HARPO
BEACH4 LANAI,BEACH LNY
BEAVY6 GANDT,BEAVY ANDYS GANDT
BEAVY6 JENDO,BEAVY ANDYS JENDO
BERNI3 EASON,BERNI EASON
BERNI3 EUG,BERNI EUG
BERNI3 FAMUK,BERNI FAMUK
BERNI3 HARPR,BERNI HARPR
BERYY5 LIT,BERYY TWRAY LIT
BEVVR1 BELGN,APRES ZAMRU GGIRO BELGN
BEVVR1 RUBAY,APRES ZILOP PARIZ RUBAY
BEVVR1 SPRKT,APRES GORMN SPRKT
BEXGO5 BOUSY,BEXGO BOUSY
BGOOD5 VIH,BGOOD VIH
BGSKY2 DBS,BGSKY LUKKS UPLOW DBS
BGSKY2 UPLOW,BGSKY LUKKS UPLOW
BGSKY2 HIA,BGSKY AIDDN HIA
BIMMR3 ACERB,BIMMR ACERB
BIMMR3 DRIVN,BIMMR ACERB DRIVN
BINKY6 BASBE,BINKY BASBE
BIXBY1 AHMED,BIXBY ZEGAL AHMED
BIXBY1 QUIZZ,BIXBY QUIZZ
BKT1 CARML,BKT CARML
BKT1 MELIA,BKT MELIA
BKT1 NUTTS,BKT NUTTS
BLECO8 TUL,BLECO ZEMMA TUL
BLECO8 IRW,BLECO ZEMMA IRW
BLECO8 ZEMMA,BLECO ZEMMA
BLOKR7 BEKKI,BLOKR BEKKI
BLOKR7 ROBER,BLOKR RBS
BLTWY7 CRIED,BLTWY CRIED
BMRNG4 HRNER,BMRNG HRNER
BMRNG4 MOGEE,BMRNG AXXXX MOGEE
BMRNG4 ORRCA,BMRNG DEEII ORRCA
BMRNG4 SYRAH,BMRNG HNNLE SYRAH
BMRNG4 TIPRE,BMRNG KAESS TIPRE
BNDTO6 CRGER,BNDTO CUZZZ ZUUUU PUFER PSTUR CRGER
BNDTO6 MNURE,BNDTO FFOAM BOCCK MNURE
BNDTO6 SAT,BNDTO FFOAM BOCCK MNURE MARCS SAT
BNDTO6 WAILN,BNDTO BAAKE WEEED WAILN
BNGLE5 RIKLE,BNGLE RIKLE
BNGLE5 WWSHR,BNGLE RIKLE WWSHR
BNGOS4 COREA,BNGOS COREA
BNGOS4 DOLIE,BNGOS COREA DOLIE
BNGOS4 MERKS,BNGOS MERKS
BNICE2 COREA,BNICE COREA
BNICE2 DOLIE,BNICE COREA DOLIE
BNICE2 MERKS,BNICE MERKS
BNYRD6 TUS,TFD TUS
BOBKT5 BIL,BOBKT LVM SUBKY REEPO COLUS BIL
BOBKT5 BOY,BOBKT ZORKE TOOLS BOY
BOBZY5 BNA,BOBZY BRAYN REWET HALLS BAZOO BNA
BOBZY5 TNSLY,BOBZY TNSLY
BRDR7 IPL,BROWS JONDA IPL
BRDR7 JLI,BROWS JLI
BORRN6 CRGER,DILRE ZUUUU PUFER PSTUR CRGER
BORRN6 JCT,DILRE BOCCK MNURE HAYYY FOWLR JCT
BORRN6 MNURE,DILRE BOCCK MNURE
BORRN6 SAT,DILRE BOCCK MNURE MARCS SAT
BORRN6 WAILN,DILRE WEEED WAILN
BOSQE3 LAMSE,BOSQE WUTUP LAMSE
BOSQE3 ONM,BOSQE DUMMM ONM
BOSQE3 SJN,BOSQE WUTUP LAMSE SJN
BOWIE7 CRP,SAT YENNS THX CRP
BOWIE7 LRD,SAT MILET LRD
BRAKK5 HLV,BRAKK RMMOS HLV
BROAK1 ABQ,FTHLS JNIPR JSSUA ABQ
BROAK1 JNIPR,FTHLS JNIPR
BROAK1 MAXXO,FTHLS JNIPR JSSUA MAXXO
BRSTL1 ALLMA,BRSTL ALLMA
BRSTL1 BAXLY,BRSTL BAXLY
BCHN2 CROIT,CCR CROIT
BCHN2 PITTS,CCR PITTS
BCHN2 REJOY,CCR PITTS SEVUH REJOY
BCHN2 SABLO,CCR SABLO
BCHN2 SGD,CCR SGD
BXK4 BLH,BXK BLH
BXK4 PSP,BXK CULTS CURIV DECAS PSP
BXK4 PMD,BXK CULTS CURIV DECAS PMD
BXK4 PKE,BXK WLVRN PKE
BUELT4 FLW,BUELT FLW
BUELT4 FRAMS,BUELT GLJ PISMO FRAMS
BUELT4 GVO,BUELT GVO
BUELT4 RZS,BUELT RZS
BUFTT1 GUFFS,BUFTT MUTTN GUFFS
BUFTT1 JAYMC,BUFTT TOWIE GRIDS JAYMC
BUFTT1 MATLK,BUFTT TOWIE GRIDS TIRCO MATLK
BUNZZ3 RAMAY,BUNZZ RAMAY
BURRO5 BBALL,BURRO MRTNI SPLTZ RYYNN BBALL
BURRO5 GBN,BURRO MRTNI SPLTZ RYYNN ROSKR GBN
BURRO5 HOTTT,BURRO MRTNI SPLTZ RYYNN HOTTT
BURRO5 NOCHI,BURRO VEYLE MESCA NOCHI
BWALL2 JLENA,BWALL JLENA
CMA6 FIM,CMA ACRAT FIM
CMA6 GINNA,CMA ACRAT GINNA
CMA6 VTU,CMA VTU
CAMBA4 AVANS,CAMBA AVANS
CAMBA4 SJN,CAMBA SJN
CANOG3 AVE,IPIHO CASTA GMN COREZ AVE
CANOG3 FIM,IPIHO SUANA FIM
CANOG3 GMN,IPIHO CASTA GMN
CARYN7 CYBIL,CARYN CYBIL
CASCD3 DSD,CHISM DSD
CASCD3 JUDAH,CHISM JUDAH
CASCD3 PUHTS,CHISM PUHTS
CASCD3 SYNKR,CHISM SYNKR
CAVVS4 APE,CAVVS APE
CCOBB3 ZEGBI,CCOBB ZEGBI
CWK7 CLL,CWK ILEXY CLL
CWK7 ILEXY,CWK ILEXY
CWK7 JAYJO,CWK JAYJO
CWK7 TNV,CWK TNV
CWK7 NAVYS,CWK MUNCH NAVYS
CWK7 ACT,CWK ACT
CGULL1 DRYAD,CGULL MOFER SCOVL DRYAD
CGULL1 TWF,CGULL MOFER SCOVL DRYAD TWF
CHACO1 GUP,CHACO GUP
CHADM3 SWAPP,CHADM SWAPP
CHANL3 GMN,SXC LAX GMN
CHANL3 RZS,SXC VTU RZS
CHANL3 EHF,SXC LAX LANDO EHF
CLT3 BUCKL,CLT BUCKL
CLT3 GANTS,CLT GANTS
CLT3 HARAY,CLT HARAY
CLT3 LILLS,CLT LILLS
CLT3 PITTY,CLT PITTY
CLT3 RUNIE,CLT RUNIE
CHATT6 GSO,CHATT GSO
CHATT6 HOGAP,CHATT HOGAP
CHATY5 GMN,CHATY CASTA GMN
CHATY5 HENER,CHATY JOSUL FIM HENER
CHATY5 KWANG,CHATY JOSUL FIM DEANO KWANG
CHATY5 RZS,CHATY JOSUL FIM OHIGH RZS
CHCLL6 BUSYY,CHCLL BUSYY
CHCLL6 RAMRD,CHCLL BUSYY SKAMR RAMRD
CHCLL6 SKAMR,CHCLL BUSYY SKAMR
CHIEF9 CATTS,MCI CATTS
CHIEF9 STJ,MCI STJ
CHILY4 BTY,CHILY RAMSY SISIE DOVEE BTY
CHILY4 HOBES,CHILY HOBES
CHILY4 IGM,CHILY RAMSY SISIE IGM
CHILY4 EED,CHILY MUMTE JAWSY MEMPE EED
CHISM4 DSD,CHISM DSD
CHISM4 JOGEN,CHISM JOGEN
CHISM4 IMB,CHISM IMB
CHISM4 PAWLI,CHISM PAWLI
CHISM4 RIELY,CHISM RIELY
CHISM4 SMIGE,CHISM SMIGE
CHLDR5 ANSWA,CHLDR ANSWA
CHOII3 BLH,CHOII SLAPP YAAPY JETHK AERRO DECAS BLH
CHOII3 COREZ,CHOII YUMMI SHORS MDWAY COREZ
CHOII3 CSTRO,CHOII YUMMI HEYJO CSTRO
CHOII3 FIM,CHOII FIM
CHOII3 HAILO,CHOII SLAPP YAAPY JETHK BBITE ANTLP GUNNR ARRMY HAILO
CHOII3 HEC,CHOII SLAPP YAAPY JETHK BBITE ANTLP HEC
CHOII3 LAS,CHOII SLAPP YAAPY JETHK BBITE ANTLP NNAVY BLAZN LAS
CHOII3 MISEN,CHOII SLAPP YAAPY JETHK BBITE ANTLP NNAVY MISEN
CHRRO1 BAHNZ,CHRRO POZEY BAHNZ
CHRRO1 FMG,CHRRO POZEY BAHNZ FMG
CHRRO1 RALEY,CHRRO POZEY BAHNZ RALEY
CHRRO1 RBL,CHRRO POZEY ENRQZ RBL
CHRRO1 SHUFL,CHRRO POZEY BAHNZ DUNGN DRAGN SHUFL
CHUNA2 MORDI,CHUNA MORDI
CHUUC6 MYERZ,CHUUC MYERZ
CHUUC6 ARG,CHUUC MYERZ ARG
CIITY3 DEDHD,CIITY BCEEE DEDHD
CIITY3 GRTFL,CIITY BCEEE GRTFL
CIITY3 MOGEE,CIITY BCEEE MOGEE
CIITY3 ORRCA,CIITY BCEEE ORRCA
CIITY3 SYRAH,CIITY LLVII SYRAH
CIITY3 TIPRE,CIITY BCEEE TIPRE
CLSSY1 CENZA,CLSSY ZZOOO CENZA
CLSSY1 GBN,CLSSY ZZOOO ANRMN JORRJ GRIDR GUUSE BLUZE IPL BZA HOGGZ MOHAK JUDTH GBN
CLSSY1 HOGGZ,CLSSY ZZOOO ANRMN JORRJ GRIDR GUUSE BLUZE IPL BZA HOGGZ
CLSSY1 MTBAL,CLSSY ZZOOO ANRMN JORRJ GRIDR PIEZZ NSHEE MTBAL
CLSSY1 TGOLD,CLSSY ZZOOO ANRMN JORRJ GRIDR GUUSE BLUZE IPL BZA HOGGZ MOHAK JUDTH TGOLD
CLTCH3 FLASK,CLTCH KERRK TEEMS FLASK
CLTCH3 MAULS,CLTCH KERRK MAULS
CLVIN3 STAZE,CLVIN TFTUN RINTE PUUDL STAZE
CNDEL5 KAYEX,PORTE KAYEX
CNDEL5 KTINA,PORTE KTINA
CNDEL5 NTELL,PORTE UTOOB NTELL
CNDEL5 SUSEY,PORTE SUSEY
CNDEL5 YYUNG,PORTE FFOIL LIBBO YYUNG
COAST9 FLW,MCKEY MQO FLW
COAST9 GVO,MCKEY MQO GVO
COAST9 RZS,MCKEY MQO RZS
COAST9 SXC,MCKEY DAISY BENET SXC
CONLE5 COLIN,CONLE AMEEE COLIN
CONLE5 SCOOB,CONLE AMEEE COLIN SCOOB
CONNR7 WERNR,CONNR WERNR
CONRA3 CLL,CONRA CLL
CONRA3 LOA,CONRA LOA
COORZ6 VOAXA,COORZ VOAXA
CEZ2 HBU,CEZ HBU
CEZ2 ETL,CEZ ETL
COULT7 DLL,COULT LMFRY DLL
CYOTE4 ABI,TTT PODDE MQP ABI
CYOTE4 CDS,TTT FERRA SCABI CDS
CYOTE4 CNX,TTT CEOLA KIRST LBB CNX
CYOTE4 LBB,TTT CEOLA KIRST LBB
CYOTE4 MQP,TTT PODDE MQP
CYOTE4 PNH,TTT FERRA SCABI CDS PNH
CYOTE4 PODDE,TTT PODDE
CYOTE4 TXO,TTT CEOLA KIRST LBB TXO
CREPE3 FRAMS,CREPE RUGTY FRAMS
CREPE3 MQO,CREPE SOJSU MQO
CREPE3 PRB,CREPE PRB
CROLI1 FRA,CROLI FRA
CROLI1 RBRTS,CROLI RBRTS
CROLI1 EHF,CROLI EHF
CROSB2 WISPR,CROSB WISPR
CROWD8 HALLR,CROWD HALLR
CRSON7 HUMMS,CRSON HUMMS
CSHEL7 CAMJO,CSHEL BGOUT PULEC SMELZ JINOS DOFFY CAMJO
CSHEL7 JAMIZ,CSHEL BGOUT PULEC SMELZ JINOS BRUTS JAMIZ
CSHEL7 JAWJA,CSHEL BGOUT PULEC SMELZ PATOY DEANR MICES JAWJA
CSHEL7 LENDS,CSHEL BGOUT PULEC LOJUF LENDS
CSHEL7 TOLLZ,CSHEL BGOUT PULEC TOLLZ
CSHEL7 VIYAP,CSHEL BGOUT PULEC SMELZ JINOS ETORE FEMON VIYAP
CTRUS4 COREZ,CTRUS DZINE OROSZ SHORS MDWAY COREZ
CTRUS4 CSTRO,CTRUS DZINE OROSZ HEYJO CSTRO
CTRUS4 HAILO,CTRUS DZINE SEAEM SLAPP YAAPY JETHK BBITE ANTLP GUNNR ARRMY HAILO
CTRUS4 HEC,CTRUS DZINE SEAEM SLAPP YAAPY JETHK BBITE ANTLP HEC
CTRUS4 IKAYE,CTRUS WOPPR IKAYE
CTRUS4 LAS,CTRUS DZINE SEAEM SLAPP YAAPY JETHK BBITE ANTLP NNAVY BLAZN LAS
CTRUS4 MISEN,CTRUS DZINE SEAEM SLAPP YAAPY JETHK BBITE ANTLP NNAVY MISEN
CTRUS4 SCTRR,CTRUS DARRK FIXIT IKAYE TESEA SCTRR
CTRUS4 STOKD,CTRUS DARRK FIXIT IKAYE RIZIN SPLNT STOKD
CURLO6 CLL,CURLO ARDIA ELLVR CLL
CURLO6 ELLVR,CURLO ARDIA ELLVR
CURLO6 HOARY,CURLO NELYN ACT PRIZE HOARY
CURLO6 TNV,CURLO DARTZ BRDEN TORNN BILEE TNV
CURLO6 SAT,CURLO NELYN ACT PRIZE HOARY SAT
CURLO6 TORNN,CURLO DARTZ BRDEN TORNN
CURLO6 ACT,CURLO NELYN ACT
CURLO6 WINDU,CURLO JASPA WINDU
CUTTN2 HANKO,CUTTN HANKO
CWARD2 LAX,CWARD LAX
CWARD2 SLI,CWARD MADOW SLI
DALL3 EIC,TTT CLARE POTEN TEKBE SHRLY EIC
DALL3 LIT,TTT NOBLY COBUG ORTRO LIT
DALL3 SOLDO,TTT SOLDO
DALL3 TXK,TTT TRISS SHERO TXK
DANLS3 SPKER,DANLS SPKER
DARCY7 DONVE,DARCY DREGS DONVE
DARCY7 SCOTO,DARCY DREGS DUMGE SCOTO
DARRK3 DINTY,DARRK FIXIT IKAYE RIZIN OINGO DINTY
DARRK3 MCKEY,DARRK FIXIT IKAYE RIZIN MCKEY
DARRK3 RIZIN,DARRK FIXIT IKAYE RIZIN
DARRK3 SCTRR,DARRK FIXIT IKAYE TESEA SCTRR
DARRK3 STOKD,DARRK FIXIT IKAYE RIZIN SPLNT STOKD
DARTZ9 TNV,DARTZ BRDEN TORNN BILEE TNV
DARTZ9 TORNN,DARTZ BRDEN TORNN
DAWNN1 IIU,DAWNN IIU
DAWNN1 MYS,DAWNN MYS
DDANY3 BORRD,DDANY BORRD
DDANY3 JIPOD,DDANY JIPOD
DDANY3 VALKA,DDANY VALKA
DDANY3 ZALEN,DDANY ZALEN
DEEZZ5 CANDR,HEERO KURNL CANDR
DEEZZ5 TOWIN,HEERO KURNL CANDR TOWIN
DEZRT2 BAM,DEZRT TIPTN PECOP ANTMO BAM
DEZRT2 MVA,DEZRT TIPTN PECOP ASTNN MVA
DIDLY5 FCA,DIDLY MSO JESSY FCA
DIDLY5 MSO,DIDLY MSO
DIDLY5 MLP,DIDLY ORONE MLP
DIDLY5 LKT,DIDLY MSO LKT
DITTI1 DAHLI,DITTI NEPHI BOTSS DAHLI
DITTI1 TCH,DITTI KOONA TCH
DIVYD2 BOY,DIVYD BOY
DIVYD2 DNW,DIVYD DNW
DIVYD2 HUKET,DIVYD HUKET
DIVYD2 JEDHY,DIVYD JEDHY
DOCTR5 AGARD,DOCTR AGARD
DOCTR5 DQO,DOCTR DQO
DOOKK3 CME,DOOKK DADDY LARLE TACOZ CME
DOOKK3 MOLVE,DOOKK FATTT MOLVE
DOOKK3 TXO,DOOKK FATTT MOLVE TXO
DORMR3 CIGAR,DORMR PSTOL CIGAR
DORMR3 FROOT,DORMR PSTOL FROOT
DORRL2 MATLK,DORRL BENNS FUNNR MATLK
DORRL2 ONEWY,DORRL BENNS FUNNR ONEWY
DOTSS2 CLEEE,DOTSS EYEDL HOMER CLEEE
DOTSS2 CNERY,DOTSS WIILD BLCKD CSTWY CNERY
DRRLL4 DRRLL,GRZLE DRRLL
DRURY3 ACKEE,DRURY ACKEE
DRURY3 HAGIE,DRURY HAGIE
DRURY3 JALAR,DRURY JALAR
DRUSE5 DENNI,DRUSE PLESS DENNI
DRUSE5 BNA,DRUSE PLESS DENNI TINGS LAJUG BNA
DUCKZ5 HELAR,DUCKZ HELAR
DUKPN1 AJGON,DUKPN WINNY PLOOP AGARD DONIL AJGON
DUKPN1 BROSS,DUKPN SWANN HIFLY BROSS
DUKPN1 BYEDN,DUKPN SWANN KERNO ODESA BYEDN
DUKPN1 DONIL,DUKPN WINNY PLOOP AGARD SPEAK DONIL
DUKPN1 RADAM,DUKPN WINNY PLOOP AGARD SPEAK DONIL RADAM
DUKPN1 SPEAK,DUKPN WINNY PLOOP AGARD SPEAK
DUKPN1 SWANN,DUKPN SWANN
ECHHO2 IKAYE,ECHHO GOFUR MMOTO TEDEY GEEGN IKAYE
ECHHO2 SLI,ECHHO GOFUR MMOTO SLI
ECHOO1 DUUZE,ECHOO EPKEE POIZN COTNN DUUZE
ECHOO1 SHAYK,ECHOO EXTAN SHAYK
ECHOO1 WYNDM,ECHOO EEONS WYNDM
ECHOO1 ZIRKL,ECHOO EMMYS ZIRKL
ECLPS1 PHASE,KATMN BOXXR PHASE
EEMOS5 NEENS,EEMOS NEENS
EEVAA1 SHIPR,EEVAA CHALI SHIPR
ELB5 IPL,ELB MANBY MISIE ZENAP JARDO BONDO WODON GWIRE IPL
ELB5 OCN,ELB SUBMR OCN
ELB5 TRM,ELB MANBY MISIE ZENAP PUNIE TEYKI HAPPE BALDI CORLA TRM
ELANR7 EMEGE,ELANR EMMLY ETAME EMEGE
ELANR7 EMMLY,ELANR EMMLY
ELANR7 ERECO,ELANR EMMLY ERECO
ELMAA5 HQM,ELMAA HQM
ELOCO6 LLA,CHPEE GRIPY YOKEM SBI LLA
ELOEL3 ABI,ELOEL FORSS ABI
ELOEL3 FORSS,ELOEL FORSS
ELOEL3 KLNGR,ELOEL KLNGR
ELVIS4 EFOUR,MEM EFOUR
ELVIS4 EONEE,MEM EONEE
ELVIS4 ETREE,MEM ETREE
ELVIS4 ETWOO,MEM ETWOO
ELVIS4 NFIVE,MEM NFIVE
ELVIS4 NFOUR,MEM NFOUR
ELVIS4 NRONE,MEM NRONE
ELVIS4 NTREE,MEM NTREE
ELVIS4 NTWOO,MEM NTWOO
ELVIS4 SFOUR,MEM SFOUR
ELVIS4 SONEI,MEM SONEI
ELVIS4 STREE,MEM STREE
ELVIS4 STWOO,MEM STWOO
ELVIS4 WFIVE,MEM WFIVE
ELVIS4 WFOUR,MEM WFOUR
ELVIS4 WONEE,MEM WONEE
ELVIS4 WTREE,MEM WTREE
ELVIS4 WTWOO,MEM WTWOO
EMMTT4 BDDAY,EMMTT THHOR JJANE MRSSH BDDAY
EMMTT4 BSKAT,EMMTT ZERLU SWDIA ZACHH BSKAT
EMMTT4 FORCK,EMMTT HANUH LYING FORCK
EMMTT4 LOOSE,EMMTT TRRCH JAYXX TRYTN LOOSE
EMMTT4 MRSSH,EMMTT THHOR JJANE MRSSH
EMMTT4 ZALEA,EMMTT THHOR JJANE MRSSH ZALEA
EPKEE7 DUUZE,POIZN COTNN DUUZE
EPKEE7 GAETR,POIZN GAETR
ESNYE7 ADM,ESNYE LANEE LOWGN ADM
ESNYE7 BLECO,ESNYE LANEE BLECO
ESNYE7 EAKER,ESNYE GRABE EAKER
ESNYE7 GRABE,ESNYE GRABE
ESNYE7 MLC,ESNYE AKUNA TIKYS MLC
ESNYE7 OKM,ESNYE GRABE EAKER OKM
ESNYE7 ROLLS,ESNYE LANEE LOWGN ADM MRMAC ROLLS
ESNYE7 TIKYS,ESNYE AKUNA TIKYS
ESNYE7 TUL,ESNYE LANEE BLECO ZEMMA TUL
ESNYE7 IRW,ESNYE LANEE BLECO ZEMMA IRW
ESNYE7 ZEMMA,ESNYE BLECO ZEMMA
ESTRR5 IPTAY,ESTRR DEBIE IPTAY
EXBOX2 OMN,EXBOX OMN
EXTVE1 ALD,PLFMD ALD
EXTVE1 IRQ,PLFMD FIBRO IRQ
EXTVE1 DBN,PLFMD DBN
FFU9 BCE,FFU LODUY URNUW BCE
FFU9 OAL,FFU LODUY URNUW MLF ILC TPH OAL
FFU9 HVE,FFU OHQES HVE
FFU9 MLF,FFU LODUY URNUW MLF
FALCC1 SXC,FALCC SXC
FALCC1 SLI,FALCC SLI
FATHE3 VIYAP,FATHE MDBOG BKENI FEMON VIYAP
FEALX2 ETECK,FEALX BKING WOLFO ETECK
FEALX2 ZFP,FEALX PREDA ZFP
FEALX2 PADUS,FEALX PADUS
FEALX2 SNAGY,FEALX BKING WOLFO SNAGY
FEALX2 SUMRS,FEALX BKING WOLFO SUMRS
FEALX2 WOLFO,FEALX BKING WOLFO
FINZZ3 BEALE,FINZZ CAHIL ZOOMM SEBBY PLAYY ARCUS YELAH WYZEE BEALE
FINZZ3 HAILO,FINZZ CAHIL ZOOMM SEBBY PLAYY GUNNR ARRMY HAILO
FINZZ3 LAS,FINZZ CAHIL ZOOMM SEBBY PLAYY NNAVY BLAZN LAS
FINZZ3 MISEN,FINZZ CAHIL ZOOMM SEBBY PLAYY ARCUS YELAH MISEN
FINZZ3 NNAVY,FINZZ CAHIL ZOOMM SEBBY PLAYY NNAVY
FIXET4 FLASK,FIXET CLTCH KERRK TEEMS FLASK
FIXET4 GLANC,FIXET SCRAM DANOO WALCE GLANC
FIXET4 MAULS,FIXET CLTCH KERRK MAULS
FIXET4 MELTN,FIXET JDUBB CASLY MELTN
FIXET4 OTTTO,FIXET VERRY OTTTO
FIXET4 RAMAY,FIXET VERRY RAMAY
FIXET4 RRSIN,FIXET JDUBB TYPNZ SCORN RRSIN
FLAME3 GENDE,FLAME GENDE
FLMGO2 STYMY,FLMGO WAPOM STYMY
FLMGO2 WAPOM,FLMGO WAPOM
FLOUT5 GVO,FLOUT GVO
FLOUT5 RZS,FLOUT RZS
FLOUT5 VTU,FLOUT VTU
FLYZA5 ANKRR,FLYZA PPALE VUH ANKRR
FLYZA5 KELPP,FLYZA PPALE VUH KELPP
FLYZA5 MUSYL,FLYZA PPALE VUH MUSYL
FOLZZ3 ALYRA,FOLZZ GOZZR ALYRA
FOLZZ3 ZFP,FOLZZ ZFP
FOLZZ3 GOZZR,FOLZZ GOZZR
FOLZZ3 PADUS,FOLZZ PADUS
FOLZZ3 SNAGY,FOLZZ GOZZR SNAGY
FOLZZ3 SUMRS,FOLZZ GOZZR SUMRS
FORPE1 ABQ,LALUZ SJN ABQ
FORPE1 MAXXO,LALUZ SJN JSSUA MAXXO
FORPE1 SJN,LALUZ SJN
FLL2 AARPS,FLL PERTS AARPS
FLL2 BEECH,FLL BEECH
FLL2 BNICE,DHP BNICE
FLL2 DORRL,DHP BOGYY DORRL
FLL2 FEALX,FLL FEALX
FLL2 ZFP,FLL FEALX ZFP
FLL2 FRSBE,DHP ALNZO FRSBE
FLL2 HROCK,FLL HROCK
FLL2 MAYNR,DHP MAYNR
FOXHL1 OTTTO,FOXHL OTTTO
FOXHL1 RAMAY,FOXHL RAMAY
FRITR3 AVRRY,DOTSS AREAE PEELR MTBAL AVRRY
FRITR3 CNERY,DOTSS WIILD BLCKD CSTWY CNERY
FRITR3 TCATE,DOTSS WIILD TCATE
FRSBE2 STYMY,FRSBE WAPOM STYMY
FRSBE2 WAPOM,FRSBE WAPOM
FSHUN3 PLUMR,FSHUN PLUMR
FTHIL3 FRA,FTHIL GRDOE FRA
FTHLS6 ABQ,FTHLS JNIPR JSSUA ABQ
FTHLS6 JNIPR,FTHLS JNIPR
FTHLS6 MAXXO,FTHLS JNIPR JSSUA MAXXO
FUNNL3 PHARA,FUNNL PHARA
FYRBD1 MOHAK,JUDTH MOHAK
FYSTA3 FTI,FYSTA MACHO FTI
FYSTA3 JLPNO,FYSTA POYOH JLPNO
GABBE3 FLASK,GABBE BUTRZ CLTCH KERRK TEEMS FLASK
GABBE3 GLANC,GABBE SCRAM DANOO WALCE GLANC
GABBE3 MAULS,GABBE BUTRZ CLTCH KERRK MAULS
GABBE3 MELTN,GABBE JDUBB CASLY MELTN
GABBE3 RRSIN,GABBE JDUBB TYPNZ SCORN RRSIN
GABOW2 RAJAY,GABOW SANDL KRAFT HEYDR RAJAY
GABOW2 SANDL,GABOW SANDL
GABOW2 SUMAC,GABOW SANDL KRAFT HEYDR SUMAC
GAIRY2 IRQ,GAIRY IRQ
GANBO1 ARMUR,TOREY CRSTL ARMUR
GANBO1 SCAPA,TOREY SCAPA
GANDY8 SABEE,PAIRS MURDO SABEE
GARDY4 BEALE,GARDY ARCUS YELAH WYZEE BEALE
GARDY4 HAILO,GARDY GUNNR ARRMY HAILO
GARDY4 LAS,GARDY NNAVY BLAZN LAS
GARDY4 MISEN,GARDY ARCUS YELAH MISEN
GARDY4 NNAVY,GARDY NNAVY
GARL5 GGG,TTT CLARE ROCKK GGG
GARL5 PRX,TTT NOBLY ECKEY PRX
GARL5 SOLDO,TTT SOLDO
GARL5 TXK,TTT TRISS SHERO TXK
GARL5 TYR,TTT CLARE ROCKK TYR
GARLK1 CHAWZ,GARLK LISSY CHAWZ
GARLK1 DUBSS,GARLK DUBSS
GARLK1 SNS,GARLK WIFII SNS
GARLK1 SAPID,GARLK LISSY SAPID
GARLK1 WIGGL,GARLK WIFII WIGGL
GATWY1 BIB,TWILA JIGSY BIB
GATWY1 VHP,TWILA JIGSY BIB WORKE KELLY VHP
GATWY1 CREEP,TWILA JIGSY BIB WORKE KELLY SHB CREEP
GATWY1 JIGSY,TWILA JIGSY
GATWY1 ROD,TWILA JIGSY BIB WORKE KELLY SHB ROD
GAUCH3 MQO,GAUCH MQO
GAUCH3 SPLNT,GAUCH SPLNT
GDOGG3 FAPER,GDOGG FAPER
GENEH7 NUYID,GENEH NUYID
GIDGT2 TUKRR,GIDGT NICLE TUKRR
GIDGT2 VERKN,GIDGT GEEOO BETHL VERKN
GIPLE7 HVQ,GIPLE HOBNO RHOMM JODUB HVQ
GIPLE7 JODUB,GIPLE HOBNO RHOMM JODUB
GIPLE7 SITTR,GIPLE HOBNO RHOMM JODUB SITTR
GLADA3 KEEKA,MAWLY KEEKA
GLADA3 MACOR,MAWLY FERNA MACOR
GLADA3 NUBUS,MAWLY VORCE BAROE NUBUS
GLADA3 PRCHA,MAWLY VORCE CRUPE PRCHA
GLADZ4 BAGGS,GLADZ MARCI BAGGS
GLADZ4 LULLS,GLADZ WIGNA LULLS
GLADZ4 SHAQQ,GLADZ MARCI SHAQQ
GLAZY1 JERID,GLAZY JERID
GLAZY1 PMD,GLAZY PMD
GMBUD7 JADET,GMBUD JADET
GNNRR3 ALCOA,GNNRR ALCOA
GNNRR3 AMAKR,GNNRR STINS AMAKR
GNNRR3 BEBOP,GNNRR BEBOP
GNNRR3 CINNY,GNNRR CINNY
GOETZ7 DIYAB,GOETZ DIYAB
GMN7 AVE,GMN COREZ AVE
GMN7 EHF,GMN EHF
GRABE8 EAKER,GRABE EAKER
GRABE8 OKM,GRABE EAKER OKM
JNC8 BRICK,JNC BRICK
JNC8 DIRDY,JNC HONKR DIRDY
JNC8 PACES,JNC PACES
JNC8 SQUAT,JNC SQUAT
GROMO4 GUBSE,GROMO OGZOF GUBSE
GROMO4 HITCH,GROMO OGXOB HITCH
GROMO4 PAPPS,GROMO OHKAR PAPPS
GROMO4 SIMCO,GROMO OGFAW SIMCO
GROMO4 SUNED,GROMO OHAWY SUNED
GROMO4 TAMPO,GROMO TAMPO
GRRIZ5 MIEDZ,GRRIZ MIEDZ
GRZZZ4 FLAVA,GRZZZ DNIDE FLAVA
GRZZZ4 JLPNO,GRZZZ DNIDE JLPNO
GRZZZ4 POPRR,GRZZZ DNIDE JLPNO POPRR
GTGON1 TERGE,GTGON APALO TERGE
GTLKE4 ALPHE,GTLKE DORRT ALPHE
GTLKE4 BAGEL,GTLKE ELEOT MUNDR BAGEL
GTLKE4 DAIFE,GTLKE ELEOT NOLNN DAIFE
GTLKE4 YABRO,GTLKE ELEOT NESSS YABRO
GUMBY3 GUSTI,GUMBY JAAYE SPINY GUSTI
GUMBY3 LCH,GUMBY HOURN BLING LCH
GUMBY3 LLA,GUMBY YOKEM SBI LLA
GWAVA2 URSUS,GWAVA GLAMS LRODD URSUS
HAALO3 SARGE,HAALO SARGE
HAGOL5 PLASH,HAGOL PLASH
HAGOL5 RINTE,HAGOL PLASH RINTE
HAMAR2 JUICE,NAILL JUICE
HAMAR2 SLUGO,NAILL SLUGO
HAMAR2 COY,NAILL COY
HMLTN9 CHAKA,COY CHAKA
HMLTN9 PALCO,COY NOMUE PALCO
HMLTN9 STT,COY STT
HAPAI3 BAMBO,HAPAI DAKKL BAMBO
HAPAI3 LOKIE,HAPAI LOKIE
HAPAI3 MKK,HAPAI MKK
HAROB6 ERAVE,HAROB ERAVE
HAROB6 FEPOT,HAROB FEPOT
HAROB6 HISKU,HAROB FEPOT HISKU
HAROB6 HQM,HAROB HQM
HARYS4 BLH,HARYS SLAPP YAAPY JETHK AERRO DECAS BLH
HARYS4 HAILO,HARYS SLAPP YAAPY JETHK BBITE ANTLP GUNNR ARRMY HAILO
HARYS4 HEC,HARYS SLAPP YAAPY JETHK BBITE ANTLP HEC
HARYS4 LAS,HARYS SLAPP YAAPY JETHK BBITE ANTLP NNAVY BLAZN LAS
HARYS4 MISEN,HARYS SLAPP YAAPY JETHK BBITE ANTLP NNAVY MISEN
HAWWC3 IKAYE,HAWWC WROBN ORIYL MOOOS IKAYE
HAYEZ9 BLH,HAYEZ WUXAK SLAPP YAAPY JETHK AERRO DECAS BLH
HAYEZ9 COREZ,HAYEZ DYSPO OROSZ BRRKK SHORS MDWAY COREZ
HAYEZ9 CSTRO,HAYEZ DYSPO OROSZ HEYJO CSTRO
HAYEZ9 FIM,HAYEZ DYSPO FIM
HAYEZ9 HAILO,HAYEZ WUXAK SLAPP YAAPY JETHK BBITE ANTLP GUNNR ARRMY HAILO
HAYEZ9 HEC,HAYEZ WUXAK SLAPP YAAPY JETHK BBITE ANTLP HEC
HAYEZ9 LAS,HAYEZ WUXAK SLAPP YAAPY JETHK BBITE ANTLP NNAVY BLAZN LAS
HAYEZ9 MISEN,HAYEZ WUXAK SLAPP YAAPY JETHK BBITE ANTLP NNAVY MISEN
HSTIN6 DABOY,HSTIN YUPER DABOY
HSTIN6 ZZEEE,HSTIN BBERD ZZEEE
HGGRD3 TINGS,HGGRD TINGS
HHERO3 IKAYE,HHERO FAYHE IKAYE
HHERO3 OROSZ,HHERO CMINO RIDDL TWINE OROSZ
HHERO3 EHF,HHERO CMINO RIDDL LANDO EHF
HHOTH2 JOBBA,HHOTH JOBBA
HHOTH2 SAABR,HHOTH SAABR
HHOWE4 BROKK,HHOWE BROKK
HHOWE4 LNCON,HHOWE LNCON
HIDEY1 RAMRD,HIDEY RAMRD
HIICH2 JERES,HIICH PUGLE HEFLN STRKY JERES
HIICH2 MCRAY,HIICH PUGLE HEFLN STRKY MCRAY
HIICH2 OTTTO,HIICH RNLDI OTTTO
HIICH2 RAMAY,HIICH BUNZZ RAMAY
HIICH2 WOOLY,HIICH PUGLE HEFLN STRMN WOOLY
HIVKA2 MATZO,HIVKA JEZOB MATZO
HIVKA2 URIAH,HIVKA QUXEP URIAH
HOBOW3 BEALE,HOBOW CAHIL ZOOMM SEBBY PLAYY ARCUS YELAH WYZEE BEALE
HOBOW3 HAILO,HOBOW CAHIL ZOOMM SEBBY PLAYY GUNNR ARRMY HAILO
HOBOW3 LAS,HOBOW CAHIL ZOOMM SEBBY PLAYY NNAVY BLAZN LAS
HOBOW3 MISEN,HOBOW CAHIL ZOOMM SEBBY PLAYY ARCUS YELAH MISEN
HOBOW3 NNAVY,HOBOW CAHIL ZOOMM SEBBY PLAYY NNAVY
HOCUT5 CEC,HOCUT TRIAL CEC
HOCUT5 FOT,HOCUT SEVLY FOYTE FOT
HOMAN3 RBL,HOMAN RBL
HOODO7 BOWFN,HOODO SBIRD CFOOD BOWFN
HOODO7 CFOOD,HOODO SBIRD CFOOD
HOODO7 HRV,HOODO SBIRD CFOOD BOWFN HRV
HOODO7 LEV,HOODO SBIRD CFOOD BOWFN LEV
HOODO7 SBIRD,HOODO SBIRD
HOOKS2 SNS,HOOKS SNS
HOOKZ5 DAWTS,HOOKZ DAWTS
OOM5 PXV,OOM WEGEE PXV
HOOVR8 BAVPE,CHALL COWBY PGS CUTRO BAVPE
HOOVR8 DVC,GIDGT NICLE PGA DVC
HOOVR8 DRK,SOOSN IGM DRK
HOOVR8 MLF,RATPK MMM MLF
HORTO4 BUFFR,HORTO BUFFR
HORTO4 JERES,HORTO JERES
HOTRD5 TOMKE,HOTRD TOMKE
HRMNS6 HYJOE,HRMNS HYJOE
HROCK2 KPASA,HROCK BLAAK PYROS KPASA
HROCK2 SMELZ,HROCK THEUU GNARL SMELZ
HRPER3 HULZE,HRPER HULZE
HSKEL3 BAUER,HSKEL BAUER
HSKEL3 CAM,HSKEL BAUER CAM
HSKEL3 HANAA,HSKEL BAUER HANAA
HSKEL3 SYR,HSKEL BAUER SYR
HURCN4 KPASA,HURCN BLAAK PYROS KPASA
HURCN4 SMELZ,HURCN THEUU GNARL SMELZ
HURIC4 FEBEL,HURIC FEBEL
HUSIL3 CAMIX,HUSIL ELQUE CAMIX
HUSIL3 RAJAY,HUSIL ELQUE RAJAY
HUSSH2 DEDHD,NIITE REBAS DEDHD
HUSSH2 GOBBS,NIITE GOBBS
HUSSH2 GRTFL,NIITE REBAS GRTFL
HUSSH2 MOGEE,NIITE REBAS MOGEE
HUSSH2 ORRCA,NIITE REBAS ORRCA
HUSSH2 SYRAH,NIITE REBAS TAMMM SYRAH
HUSSH2 TIPRE,NIITE REBAS TAMMM TIPRE
ICONS5 NOOKS,ICONS NOOKS
ILEXY4 JAYJO,ILEXY JAYJO
ILEXY4 ZENZI,ILEXY JAYJO ASHRR ZENZI
INDIE8 TPAKK,INDIE TPAKK
IDU1 CWK,IDU CWK
IDU1 CRP,IDU MARCS SAT CRP
IDU1 JCT,IDU JCT
IDU1 LRD,IDU MARCS SAT LRD
IRV5 DAG,ELB JAGLO SLI POM GARDY DAG
IRV5 GMN,ELB JAGLO SXC LAX GMN
IRV5 RZS,ELB JAGLO SXC VTU RZS
IRV5 SLI,ELB JAGLO SLI
IRV5 EHF,ELB JAGLO SXC LAX LANDO EHF
IZZZO8 BLH,IZZZO SALOM BLH
IZZZO8 HRRBR,IZZZO CULTS HRRBR
IZZZO8 WLVRN,IZZZO WLVRN
JACCC2 KELLN,JACCC SHUTT BFOUT KELLN
JADKO1 AVRRY,JADKO ARRDY PEELR MTBAL AVRRY
JADKO1 MTBAL,JADKO ARRDY PEELR MTBAL
JADKO1 SXC,JADKO ROHRS DEGLE COMIX PADRZ SXC
JAHNY6 MAP,JAHNY MAP
JASPA7 WINDU,JASPA WINDU
JBNCH6 BARKS,JBNCH SNKPT BARKS
JBNCH6 SNKPT,JBNCH SNKPT
JCOBY4 AGARD,JCOBY GRIIM RIISE DOCTR AGARD
JCOBY4 COLIN,JCOBY BAUGH AMEEE COLIN
JCOBY4 SCOOB,JCOBY BAUGH AMEEE COLIN SCOOB
JCOBY4 SWANN,JCOBY GRIIM SOOKI SWANN
JCOXX2 GREBE,JCOXX SNTRS RUTER GREBE
JCOXX2 HBACK,JCOXX MRQEZ HBACK
JCOXX2 SLNNK,JCOXX SNTRS RUTER BOATY SLNNK
JCOXX2 TELKE,JCOXX MRQEZ TELKE
JDUBB4 MELTN,JDUBB CASLY MELTN
JDUBB4 RRSIN,JDUBB TYPNZ SCORN RRSIN
JEEMY3 PAINN,JEEMY ACCHE PAINN
JELIE1 APACK,JELIE MANOH PALAY HUMUU MAGGI SERYU TOADS APACK
JELIE1 CLUTS,JELIE MANOH PALAY HUMUU CLUTS
JELIE1 EBBER,JELIE MANOH PALAY MKK BLUSH SESXI ALICA EBBER
JELIE1 FITES,JELIE MANOH PALAY MKK BLUSH FITES
JELIE1 KEOLA,JELIE MARYN KEOLA
JELIE1 MKK,JELIE MANOH PALAY MKK
JELIE1 UPP,JELIE MANOH PALAY LNY UPP
JELIE1 ZIGIE,JELIE MANOH PALAY HUMUU MAGGI SERYU REXIE ZIGIE
JETIN2 CAPPS,JETIN ELAGE ZOOSS CAPPS
JETIN2 JAYJA,JETIN FELTZ JAYJA
JETSS1 JUICE,JETSS JUICE
JETSS1 SLUGO,JETSS SLUGO
JETSS1 COY,JETSS COY
JEWLZ1 CODEX,JEWLZ CODEX
JEWLZ1 JIPON,JEWLZ JIPON
JHART7 BIB,JHART DOBLR BIB
JHART7 VHP,JHART DOBLR BIB WORKE KELLY VHP
JHART7 CREEP,JHART DOBLR BIB WORKE KELLY SHB CREEP
JHART7 DOBLR,JHART DOBLR
JHART7 KELLY,JHART DOBLR BIB WORKE KELLY
JHART7 RINTE,JHART DOBLR BIB WORKE KELLY SHB RINTE
JPOOL7 CLL,TTT ARDIA ELLVR CLL
JPOOL7 ELLVR,TTT ARDIA ELLVR
JPOOL7 HOARY,TTT NELYN ACT HOARY
JPOOL7 TNV,TTT DARTZ BRDEN TORNN TNV
JPOOL7 SAT,TTT NELYN ACT HOARY SAT
JPOOL7 TORNN,TTT DARTZ BRDEN TORNN
JPOOL7 ACT,TTT NELYN ACT
JPOOL7 WINDU,TTT JASPA WINDU
JOHKR5 KENNO,JOHKR GRYMZ DEDPL BIKKR CAGEE KENNO
JOJJO5 CUBIM,JOJJO WLLGO BENBY TIELR CUBIM
JOJJO5 DOOGE,JOJJO MTCHL DOOGE
JOJJO5 NOONN,JOJJO WLLGO BENBY SLEPP BFORE NOONN
JONHH2 BTY,JONHH CHILY SISIE DOVEE BTY
JONHH2 HOBES,JONHH HOBES
JONHH2 IGM,JONHH CHILY IGM
JONHH2 EED,JONHH CHILY EED
JORJO5 AKMIE,JORJO AHLOU ACITO ADELL AKMIE
JORJO5 ARLYN,JORJO AHLOU ACITO ADELL AKMIE ARLYN
JORJO5 BEKKI,JORJO BRBIE BACEN BLOKR BEKKI
JORJO5 RBS,JORJO BRBIE BACEN BLOKR RBS
JTEEE5 ODATE,JTEEE ODATE
JUDTH7 MOHAK,JUDTH MOHAK
JNU6 EEF,BARLO EEF
JNU6 LVD,BARLO RADKY SQM LVD
JNU6 SSR,BARLO SSR
JNU6 SQM,BARLO RADKY SQM
JUNPR6 GREAN,JUNPR GREAN
JUNPR6 NOKIE,JUNPR NOKIE
KACIR2 BCE,KACIR BCE
KACIR2 JALMA,KACIR JALMA
KAJIN2 STNGA,KAJIN STNGA
KALAE1 ALANA,KALAE SAKKI ALANA
KALAE1 EELIO,KALAE HLAWA EELIO
KALAE1 LNY,KALAE AARES LNY
KALAE1 LOKIE,KALAE HLONO LOKIE
GPI1 CHOTE,ANGIL GRCON CHOTE
GPI1 SKOTT,ANGIL SKOTT
KALLI7 DRAIK,KALLI READE DRAIK
KALLI7 READE,KALLI READE
KALLI7 SANNY,KALLI READE DRAIK SANNY
KARRR7 CRP,KAVCY SKUBA PSX YOMOM CRP
KARRR7 PSX,KAVCY SKUBA PSX
KARRR7 NGP,KAVCY RIIGG NGP
KARRR7 WWREN,KAVCY RIIGG WWREN
KARRR7 YOMOM,KAVCY SKUBA PSX YOMOM
KATFH3 KAYEX,KATFH MCOVY KAYEX
KATFH3 KTINA,KATFH MCOVY KTINA
KATFH3 NTELL,KATFH MCOVY NTELL
KATFH3 SUSEY,KATFH MCOVY SUSEY
KATMN6 PHASE,KATMN BOXXR PHASE
KATZZ2 BRHMA,KATZZ BRHMA
KAYLN3 SMUUV,KAYLN IIICE SMUUV
KBREW2 FAR,KBREW FAR
KEAHI3 JORDA,KEAHI SETZO JORDA
KEAHI3 LNY,KEAHI SETZO LNY
KEAHI3 UPP,KEAHI SETZO JORDA UPP
KEENS3 BLH,IZZZO SALOM BLH
KEENS3 HRRBR,IZZZO CULTS HRRBR
KEENS3 WLVRN,IZZZO WLVRN
KENDL4 FOT,KENDL TOMAD FOT
KENDL4 RBL,KENDL RBL
KENDL4 TOMAD,KENDL TOMAD
KENLN6 SHIPR,KENLN SHIPR
KEOLA3 KATHS,KEOLA LEANE NONNI KATHS
KEOLA3 LIH,KEOLA GRAIL NAPUA LIH
KEOLA3 LILIA,KEOLA LILIA
KEOLA3 NONNI,KEOLA LEANE NONNI
KEOLA3 PUPPI,KEOLA PUPPI
KEOLA3 SOK,KEOLA GRAIL NAPUA SOK
KER4 ANDYS,CLT ANDYS
KER4 DEBIE,CLT DEBIE
KER4 HAMLN,CLT WALUT HAMLN
KER4 JOTTA,CLT JOTTA
KER4 LILLS,CLT LILLS
KER4 MERIL,CLT MERIL
KER4 NALEY,CLT JOTTA NALEY
KER4 NEANO,CLT BOBZY NEANO
KER4 TREAL,CLT ANDYS TREAL
KIAWA2 GIPPL,LGRHD GIPPL
KIENO6 DNHRT,KIENO DNHRT
KIENO6 CVV,KIENO CVV
KILNS5 AUDII,KILNS DURST AUDII
KING4 LBB,TTT PODDE MQP ABI LBB
KING4 MQP,TTT PODDE MQP
KING4 PODDE,TTT PODDE
KING4 SPS,TTT FERRA MUZZO KARYN SPS
KKIDS1 EWC,KKIDS ZAVEE EWC
KKIDS1 NUSMM,KKIDS NUSMM
KKITY5 ALIAN,KKITY RBBIT FUMED ALIAN
KKITY5 BRHMA,KKITY ROOOO RUFFS KATZZ BRHMA
KKITY5 CIKAN,KKITY RBBIT LYNDE WSTEX CIKAN
KKITY5 DOSXX,KKITY RBBIT LYNDE WSTEX DOSXX
KKITY5 HUDAD,KKITY PGLET MUTEE HUDAD
KKITY5 HULZE,KKITY TYGGR DBLSS HRPER HULZE
KKITY5 WSTEX,KKITY RBBIT LYNDE WSTEX
KLADA2 BITAC,KLADA MEDLI BITAC
KLADA2 JAGOR,KLADA UPACE JAGOR
KLADA2 RAJAY,KLADA ELQUE RAJAY
KLSHN1 CVV,KLSHN CVV
KNI3 ANDYS,CLT ANDYS
KNI3 CEGAL,CLT FLYYN CEGAL
KNI3 DEBIE,CLT DEBIE
KNI3 FLYYN,CLT FLYYN
KNI3 HAMLN,CLT WALUT HAMLN
KNI3 LILLS,CLT LILLS
KNI3 NEANO,CLT BOBZY NEANO
KNI3 PEKNN,CLT GIPPR PEKNN
KNOST2 CIGAR,KNOST CIGAR
KNOST2 REMIS,KNOST REMIS
KREST3 ITMOR,KREST ITMOR
KREST3 SHATA,KREST SHATA
KREST3 TOMAD,KREST SHATA SIPJY TOMAD
KRITR6 FILDS,KRITR FILDS
KRITR6 SMIAM,KRITR SMIAM
KRMSN4 WICKS,KRMSN WICKS
KRSTA3 OLSIE,KRSTA OLSIE
KRUMM1 ADM,FUZ LOWGN ADM
KRUMM1 BLECO,FUZ BLECO
KRUMM1 EAKER,FUZ GRABE EAKER
KRUMM1 GRABE,FUZ GRABE
KRUMM1 OKM,FUZ GRABE EAKER OKM
KRUMM1 ROLLS,FUZ LOWGN ADM ROLLS
KRUMM1 TUL,FUZ BLECO ZEMMA TUL
KRUMM1 IRW,FUZ BLECO ZEMMA IRW
KRUMM1 ZEMMA,FUZ BLECO ZEMMA
KSHEE5 LEBOY,KSHEE LEBOY
KSHEE5 SEXTN,KSHEE LEBOY SEXTN
KUSSO1 BDDAY,KUSSO THHOR JJANE MRSSH BDDAY
KUSSO1 BSKAT,KUSSO ZERLU SWDIA ZACHH BSKAT
KUSSO1 FORCK,KUSSO HANUH LYING FORCK
KUSSO1 LOOSE,KUSSO TRRCH JAYXX TRYTN LOOSE
KUSSO1 MRSSH,KUSSO THHOR JJANE MRSSH
KUSSO1 ZALEA,KUSSO THHOR JJANE MRSSH ZALEA
KWANG5 GINNA,KWANG CMA ACRAT GINNA
KWANG5 HENER,KWANG DEANO HENER
KWANG5 RZS,KWANG RZS
KWEEN5 PITRW,KWEEN UNJAM TASTY PITRW
KWEEN5 UNJAM,KWEEN UNJAM
KYLOW1 DINTY,KYLOW BOBAA FIXIT RIZIN OINGO DINTY
KYLOW1 FICKY,KYLOW ZILLI LAUER PLLUT DUNZL IGOTT FICKY
KYLOW1 GROGU,KYLOW ZILLI BEAUT RIFFT MALIT GROGU
KYLOW1 MCKEY,KYLOW BOBAA FIXIT RIZIN MCKEY
KYLOW1 RIZIN,KYLOW BOBAA FIXIT RIZIN
KYLOW1 SCTRR,KYLOW BOBAA FIXIT RIZIN TESEA SCTRR
KYLOW1 STOKD,KYLOW BOBAA FIXIT RIZIN SPLNT STOKD
LADYJ4 COREZ,LADYJ RUGBY OROSZ BRRKK SHORS MDWAY COREZ
LADYJ4 CSTRO,LADYJ RUGBY OROSZ HEYJO CSTRO
LCH5 LSU,LCH LSU
LAKES5 COU,MCI ANX FRANC COU
LAKES5 FRANC,MCI ANX FRANC
LAKES5 SPI,MCI TWAIN SPI
LAKES5 TWAIN,MCI TWAIN
LALUZ6 ABQ,LALUZ SJN ABQ
LALUZ6 MAXXO,LALUZ SJN JSSUA MAXXO
LALUZ6 SJN,LALUZ SJN
LAMPS8 STV,AGJ STV
LAMPS8 ACT,AGJ SONET ACT
LARGO3 GUP,ABQ GUP
LARGO3 RSK,ABQ HANOS RSK
LARGO3 ZUN,ABQ ZUN
LATVE3 CME,LATVE AKASE BLRNG RIICK CME
LAVAA7 PDT,LAVAA PDT
LAVAA7 SUNED,LAVAA SUNED
LAXX1 IPL,SLI DANAH OCN PILLO IPL
LAXX1 MZB,SLI DANAH OCN CARIF MZB
LAXX1 OCN,SLI DANAH OCN
LAXX1 ROSIN,SLI SXC GOATZ MALIT ROSIN
LAXX1 TRM,SLI TUSTI HEMET TRM
LEEAH5 CYN,LEEAH CYN
LEEAH5 ENO,LEEAH ENO
LEEAH5 ATR,LEEAH ATR
LOA4 ADM,LOA DOLEY ADM
LOA4 BYP,LOA CQY BYP
LOA4 FUZ,LOA DOLEY FUZ
LGRHD3 GIPPL,LGRHD GIPPL
LIDDS3 GRIVY,LIDDS NOONR ZEYOU GRIVY
LIFRR2 BAIRN,BOBOE DURRY CLEFF BAIRN
LIFRR2 WIXED,BOBOE DURRY CLEFF WIXED
LINDY8 LIT,STL SAGZA TWRAY LIT
LINDY8 MYERZ,STL SAJOY MYERZ
LINDY8 VIH,STL KLAIR VIH
LINDY8 ARG,STL SAJOY MYERZ ARG
LINDZ1 JNC,LINDZ SLOLM PACES JNC
LINDZ1 RLG,LINDZ SXW JESIE RLG
LINDZ1 EKR,LINDZ SLOLM RIL EKR
LINDZ1 DBL,LINDZ DBL
LINDZ1 RIL,LINDZ SLOLM RIL
LINSE1 JERES,LINSE JERES
LINSE1 MCRAY,LINSE BUFFR MCRAY
LIZRD5 CROIT,LIZRD CROIT
LIZRD5 OAK,LIZRD SABLO OAK
LIZRD5 PYE,LIZRD LAKCI PYE
LLADN1 GCC,LLADN ALVAA PEPRS GCC
LLADN1 KARAS,LLADN KARAS
LLADN1 KOCYE,LLADN KOCYE
LLIZY1 DAAVE,LLIZY GUMMI DAAVE
LLRGO1 CAMJO,LLRGO BAYPO ECAKE WILON SPRNG CAMJO
LLRGO1 LACEN,LLRGO ENDED LACEN
LLRGO1 WILON,LLRGO BAYPO ECAKE WILON
LNDRE5 BDDAY,LNDRE THHOR JJANE MRSSH BDDAY
LNDRE5 BSKAT,LNDRE ZERLU SWDIA ZACHH BSKAT
LNDRE5 FORCK,LNDRE HANUH LYING FORCK
LNDRE5 LOOSE,LNDRE TRRCH JAYXX TRYTN LOOSE
LNDRE5 MRSSH,LNDRE THHOR JJANE MRSSH
LNDRE5 ZALEA,LNDRE THHOR JJANE MRSSH ZALEA
LOHLA3 JAYSN,LOHLA JAYSN
LOKRD1 BILET,LOKRD CNTRY BILET
LOUPE1 HRNER,BMRNG HRNER
LOUPE1 MOGEE,BMRNG AXXXX MOGEE
LOUPE1 ORRCA,BMRNG DEEII ORRCA
LOUPE1 SYRAH,BMRNG HNNLE SYRAH
LOUPE1 TIPRE,BMRNG KAESS TIPRE
LOVE7 ABI,TTT PODDE MQP ABI
LOVE7 CDS,TTT FERRA SCABI CDS
LOVE7 CNX,TTT CEOLA KIRST LBB CNX
LOVE7 LBB,TTT CEOLA KIRST LBB
LOVE7 MQP,TTT PODDE MQP
LOVE7 PNH,TTT FERRA SCABI CDS PNH
LOVE7 PODDE,TTT PODDE
LOVE7 TXO,TTT CEOLA KIRST LBB TXO
LOVEY7 CADIZ,LOVEY ZABAL MACES BOLRR CADIZ
LOVEY7 HELIS,LOVEY ZABAL HISNA HELIS
LOVEY7 MACES,LOVEY ZABAL MACES
LOWGN8 ADM,LOWGN ADM
LOWGN8 ROLLS,LOWGN ADM MRMAC ROLLS
LFK3 LIT,LFK SKKIP LIT
LURIC8 HAWES,LURIC HAWES
LURIC8 ORRTH,LURIC ORRTH
LWOOD5 DANCO,LWOOD OPUSS DANCO
LWOOD5 DBRAH,LWOOD DBRAH
MAREO5 BDOCK,MAREO BDOCK
MARIC4 GMN,MARIC NINTY GMN
MARIC4 LHS,MARIC NINTY LHS
MAULA1 ALANA,MAULA NIUUU SAKKI ALANA
MAULA1 EELIO,MAULA HLAWA EELIO
MAULA1 LNY,MAULA LNY
MAULA1 LOKIE,MAULA NIUUU LOKIE
MAYNR3 CANOA,MAYNR MCLAW SLIPT JABOX CANOA
MAYNR3 FUNDI,MAYNR MCLAW FUNDI
MAYNR3 MAXIM,MAYNR MCLAW SLIPT JABOX MAXIM
MAYSA7 RRSTA,MAYSA RRSTA
MCCRN7 HEC,RADYR HEC
MCCRN7 LIDAT,JOHKR BTY LIDAT
MCCRN7 TNP,RADYR GFS JOTNU TNP
MEADO2 CREKK,MEADO VVNUS POWDA CREKK
MEADO2 DBS,MEADO LIILY UPLOW DBS
MEADO2 TOOLS,MEADO VVNUS RYYDE AALNG YODOG TOOLS
MEADO2 UPLOW,MEADO LIILY UPLOW
MEADO2 HIA,MEADO WASAT HIA
MEARZ7 BVT,MEARZ BVT
MEARZ7 MZZ,MEARZ MZZ
MECCA1 PSP,TRM PSP
MECCA1 TNP,TRM TNP
MELLZ2 GLAMS,MELLZ GLAMS
MELLZ2 URSUS,MELLZ GLAMS LRODD URSUS
METRO4 DUNKS,DXO DUNKS
METRO4 HARWL,DXO HARWL
METRO4 ILLIE,DXO ANNTS ILLIE
METRO4 MAARS,DXO MAARS
METRO4 PISTN,DXO PISTN
MIA2 ALTNN,FLL PERTS ALTNN
MIA2 BEECH,FLL BEECH
MIA2 BNGOS,DHP MRENO BNGOS
MIA2 DORRL,DHP BOGYY DORRL
MIA2 FLMGO,DHP ALNZO FLMGO
MIA2 FOLZZ,DHP TALKY FOLZZ
MIA2 ZFP,DHP TALKY FOLZZ ZFP
MIA2 GWAVA,DHP GWAVA
MIA2 HURCN,DHP HURCN
MIA2 KETLL,VKZ KLADA KETLL
MIA2 MAYNR,DHP MAYNR
MIGGY3 GETCH,MIGGY MONEE GETCH
MIGGY3 HUBBY,MIGGY MONEE HUBBY
MIGGY3 SLLAP,MIGGY MONEE SLLAP
MIKAA1 HHERO,MIKAA SNYPR HHERO
MINNE5 EASON,MINNE EASON
MINNE5 FAMUK,MINNE FAMUK
MINNE5 HISKU,MINNE HISKU
MISHN4 BOILE,MISHN LYTTL BOILE
MISHN4 IKAYE,MISHN LYTTL IKAYE
MISHN4 KPTIN,MISHN KPTIN
MISHN4 NNAVY,MISHN CMA BOILE NNAVY
MISHN4 SXC,MISHN SXC
MIXAE3 HALBI,MIXAE HALBI
MLTRE3 JYMSE,MLTRE JYMSE
MLTRE3 VANNC,MLTRE VANNC
MMALT7 GUSTI,MOOKI JAAYE SPINY GUSTI
MMALT7 LCH,MOOKI HOURN BLING LCH
MMALT7 LLA,MOOKI YOKEM SBI LLA
MMORK1 ENI,MMORK FLUBR ENI
MMOTO2 DINTY,MMOTO SXC DINTY
MMOTO2 MALIT,MMOTO SXC MALIT
MMUGS4 GUSTI,MMUGS HHOPS JAAYE SPINY GUSTI
MMUGS4 LCH,MMUGS MMALT HOURN BLING LCH
MMUGS4 LLA,MMUGS GRAYN YOKEM SBI LLA
MNZNO3 CME,MNZNO DADDY LARLE TACOZ CME
MNZNO3 LAMSE,MNZNO PEPTE WUTUP LAMSE
MNZNO3 MOLVE,MNZNO FATTT MOLVE
MNZNO3 ONM,MNZNO HRDRK DUMMM ONM
MNZNO3 SJN,MNZNO PEPTE WUTUP LAMSE SJN
MNZNO3 TXO,MNZNO FATTT MOLVE TXO
MOBIE4 GBN,MOBIE GBN
MOCAA4 BKE,MOCAA SUMMA WANTA BKE
MOCAA4 JINMO,MOCAA JINMO
MOCAA4 IMB,MOCAA SUMMA PAAGE IMB
MOLEN9 ENI,MOLEN ENI
MKK5 APACK,MKK MAGGI SERYU TOADS APACK
MKK5 CODDY,MKK BLUSH CODDY
MKK5 KOLEA,MKK SEPGE KOLEA
MKK5 PULPS,MKK CUGGY PULPS
MKK5 REXIE,MKK MAGGI SERYU REXIE
MONKZ5 CYBIL,MONKZ CATER CMSKY CARYN CYBIL
MONKZ5 DONVE,MONKZ DWANE DENNT DARCY DREGS DONVE
MONKZ5 ELANR,MONKZ EZRAH EARND ELANR
MONKZ5 EMEGE,MONKZ EZRAH EARND ELANR EMMLY ETAME EMEGE
MONKZ5 EMMLY,MONKZ EZRAH EARND ELANR EMMLY
MONKZ5 ERECO,MONKZ EZRAH EARND ELANR EMMLY ERECO
MONKZ5 SCOTO,MONKZ DWANE DENNT DARCY DREGS DUMGE SCOTO
MOOOS2 IKAYE,MOOOS IKAYE
MOWGL2 HALLE,MOWGL TUBNG HALLE
MOWGL2 LLC,MOWGL TUBNG HALLE LLC
MOWGL2 SWR,MOWGL HELLA FRSHH DWNHL SWR
MOWGL2 SIGNA,MOWGL HELLA SIGNA
MOWGL2 WNDEL,MOWGL TUBNG WNDEL
MRBIL1 GCN,YOTES GCN
MRBIL1 JARPA,YOTES JARPA
MRBIL1 YOOPR,YOTES YOOPR
MRIAS3 BRADZ,MRIAS BRADZ
MRIAS3 PENRY,MRIAS PENRY
MRSHH2 CHUWY,MRSHH YOKES LNGWD CHUWY
MRSHH2 DDRTH,MRSHH TIMEH YAMMI DDRTH
MRSHH2 JOBBA,MRSHH BRYCC HHOTH JOBBA
MRSHH2 SAABR,MRSHH BRYCC HHOTH SAABR
MRSHH2 XXWNG,MRSHH RIKKK XXWNG
MRSSH3 BDDAY,MRSSH BDDAY
MRSSH3 ZALEA,MRSSH ZALEA
MUDDE3 MOOSE,MUDDE MOOSE
MUDDE3 OLFRD,MUDDE OLFRD
MUELR4 KWANG,FIXIT IKAYE WGGNR KWANG
MUELR4 RZS,FIXIT IKAYE WGGNR SCHOR RZS
MUSEL8 DAG,MUSEL SLI POM GARDY DAG
MUSEL8 OCN,MUSEL OCN
MUSEL8 SLI,MUSEL SLI
MUSEL8 TRM,MUSEL TEYKI HAPPE BALDI CORLA TRM
MYZNR3 CHEFS,MYZNR FERAC CHEFS
MYZNR3 MATLK,MYZNR FERAC CHEFS MATLK
MYZNR3 WELLY,MYZNR SLAAM WELLY
MZULA5 FCA,IPPUG MSO JESSY FCA
MZULA5 MSO,IPPUG MSO
MZULA5 MLP,IPPUG MSO ORONE MLP
MZULA5 LKT,IPPUG VICTO OCFOW LKT
MZULO3 ETECK,MZULO HESTA LENDS ETECK
MZULO3 FAROV,MZULO FAROV
MZULO3 LENDS,MZULO HESTA LENDS
NANDR2 EAKER,NANDR GRABE EAKER
NANDR2 MLC,NANDR AKUNA TIKYS MLC
NANDR2 OKM,NANDR GRABE EAKER OKM
NANDR2 ROLLS,NANDR LOWGN ADM MRMAC ROLLS
NANDR2 TUL,NANDR BLECO ZEMMA TUL
NANDR2 IRW,NANDR BLECO ZEMMA IRW
NANDR2 ZEMMA,NANDR BLECO ZEMMA
NASSA2 CHOOK,NASSA ENGNR CHOOK
NASSA2 VUZ,NASSA ENGNR VUZ
NASSA2 YAALL,NASSA ENGNR YAALL
NATCA5 SPI,NATCA SPI
NELYN6 HOARY,NELYN ACT PRIZE HOARY
NELYN6 SAT,NELYN ACT PRIZE HOARY SAT
NELYN6 ACT,NELYN ACT
NEVUE3 FST,NEVUE BIVLE FST
NUAL1 DAG,IPIHO TWINE LANGE SLAPP BOGET PMD ETHER DAG
NUAL1 PMD,IPIHO TWINE LANGE SLAPP BOGET PMD
NIITE4 DEDHD,NIITE REBAS DEDHD
NIITE4 GOBBS,NIITE GOBBS
NIITE4 GRTFL,NIITE REBAS GRTFL
NIITE4 MOGEE,NIITE REBAS MOGEE
NIITE4 ORRCA,NIITE REBAS ORRCA
NIITE4 SYRAH,NIITE REBAS TAMMM SYRAH
NIITE4 TIPRE,NIITE REBAS TIPRE
NIITZ4 HOCEE,NIITZ HOCEE
NIITZ4 IWANS,NIITZ IWANS
NIITZ4 SSKEE,NIITZ IWANS SSKEE
NIITZ4 TUKRR,NIITZ TUKRR
NIKEI5 INAYO,NIKEI INAYO
NIKKL1 MZB,PDZ WERLE ARNEE NIKKL JUMPA SEPEE MZB
NIKKL1 TRM,PDZ WERLE ARNEE NIKKL HEMET TRM
NNOCE2 FUNDI,NNOCE WONLV MCLAW FUNDI
NNOCE2 URSUS,NNOCE GWAVA GLAMS LRODD URSUS
NOKXI2 JNC,NOKXI AYEDY JNC
NOKXI2 HAQHY,NOKXI MIRXE BATTZ HAQHY
OTH7 DEROY,OTH DEROY
OTH7 GAMMA,OTH GAMMA
OTH7 LEDGE,OTH LEDGE
OTH7 RARES,OTH RARES
OTH7 SCOTY,OTH SCOTY
NUBLE4 BAF,NUBLE RBELA COTEE BAF
NUBLE4 CCC,NUBLE RBELA JJIMY ORW CCC
NUBLE4 JJIMY,NUBLE RBELA JJIMY
NUBLE4 NELIE,NUBLE RBELA JJIMY NELIE
NUEVO8 SNS,EUGEN SNS
NUEVO8 SHOEY,EUGEN SHOEY
OBENE3 ELYNA,OBENE EERAE ELYNA
OBENE3 IANNA,OBENE MONNY MNOSO IANNA
OBENE3 JORDY,OBENE MONNY JORDY
OBENE3 MNOSO,OBENE MONNY MNOSO
OBENE3 NITWT,OBENE NIGHT NITWT
OBENE3 OGALE,OBENE OGALE
OBENE3 ROEZZ,OBENE CARET ROEZZ
OBENE3 ROTTN,OBENE ROTTN
OBENE3 SMIDD,OBENE MONNY SMIDD
OENNS1 OAL,OENNS JEBAD UNING OAL
OENNS1 FRA,OENNS ZNAME CABAB FRA
OENNS1 RBRTS,OENNS ZNAME WIBOK RBRTS
OENNS1 EHF,OENNS ZNAME CABAB EHF
OFARO2 EPH,OFARO KRIST EPH
OFARO2 QUINT,OFARO QUINT
OFARO2 ZAXUL,OFARO ZAXUL
OLAKE2 JAYMC,OLAKE JAYMC
OLEMS6 LEYIK,OLEMS LEYIK
OLGUY3 GRUVN,OLGUY GRUVN
OLGUY3 YOUSE,OLGUY GRUVN YOUSE
ONIZU1 BARBY,ONIZU PUANA NOWRA BARBY
ONIZU1 JULLE,ONIZU FIRES CRISI JORDA JULLE
ONIZU1 MAKEN,ONIZU PUANA LAVAS MAKEN
ONIZU1 UPP,ONIZU PUANA UPP
ONOHI2 BARBY,ONOHI BARBY
OPIHI3 CARRP,OPIHI SEBYI SECEL SEDDU CARRP
OPIHI3 CHOKO,OPIHI SEBYI SECJI ZUKEY BINJO CHOKO
OPIHI3 DOVRR,OPIHI SELYY DOVRR
ORCKA5 BEALE,ORCKA ARCUS YELAH WYZEE BEALE
ORCKA5 HAILO,ORCKA GUNNR ARRMY HAILO
ORCKA5 LAS,ORCKA NNAVY BLAZN LAS
ORCKA5 MISEN,ORCKA NNAVY MISEN
ORCKA5 YELAH,ORCKA ARCUS YELAH
OROSZ2 COREZ,OROSZ BRRKK MDWAY COREZ
OROSZ2 CSTRO,OROSZ HEYJO CSTRO
ORSKY3 ONTIJ,ORSKY ONTIJ
OSHNN1 BEALE,OSHNN CAHIL ZOOMM SEBBY PLAYY ARCUS YELAH WYZEE BEALE
OSHNN1 MISEN,OSHNN CAHIL ZOOMM SEBBY PLAYY ARCUS YELAH MISEN
OSPRY1 CIGAR,OSPRY GDUNN KNOST CIGAR
OSPRY1 REMIS,OSPRY GDUNN KNOST REMIS
OXFRD5 CARML,OXFRD HARVY CARML
OYODA2 BLAQQ,OYODA JFFAR RADYR BLAQQ
OYODA2 BLH,OYODA JFFAR RADYR DOYYL ZELMA BLH
OYODA2 BOJAC,OYODA JFFAR RADYR DOYYL BOJAC
OYODA2 HEC,OYODA JFFAR RADYR SLVRR TOPAC HEC
OYODA2 KENNO,OYODA JFFAR JOHKR GRYMZ DEDPL BIKKR CAGEE KENNO
OYODA2 LVELL,OYODA JFFAR RADYR DOYYL ZELMA JOTNU LVELL
OYODA2 SLVRR,OYODA JFFAR RADYR SLVRR
OZARK8 HLV,STL CABIT HLV
OZIEE4 OAL,OZIEE WAVED SAC OAL
OZIEE4 INSLO,OZIEE WAVED INSLO
OZIEE4 JSICA,OZIEE WAVED JSICA
OZIEE4 FMG,OZIEE WAVED FMG
OZIEE4 RBL,OZIEE RBL
PACK9 FAY,RDU EVIGY FAY
PACK9 ROZBO,RDU ROZBO
PACK9 SHPRD,RDU LIB SHPRD
PADGT2 RAFTN,PADGT RAFTN
PADGT2 SMTTH,PADGT COLVN SMTTH
PADRZ2 CHKNN,PADRZ HFMNN CHKNN
PADRZ2 DINTY,PADRZ SXC DINTY
PADRZ2 IKAYE,PADRZ IKAYE
PADRZ2 MALIT,PADRZ SXC MALIT
PADRZ2 OROSZ,PADRZ HFMNN CHKNN RIDDL TWINE OROSZ
PADRZ2 EHF,PADRZ HFMNN CHKNN RIDDL LANDO EHF
PSX3 FST,PSX THX COT RSG FST
PSX3 SAT,PSX THX SAT
PALAY3 LNY,PALAY ROSHE LNY
PALAY3 MKK,PALAY LOKIE MKK
PARDN3 HODJS,PARDN HODJS
PARDN3 JJEFF,PARDN JJEFF
PARDN3 NAKIY,PARDN NAKIY
PAVYL3 ESSBE,PAVYL ESSBE
PAVYL3 MRDOC,PAVYL MRDOC
PEBLE6 SXC,PEBLE SXC
PEBLE6 SLI,PEBLE SLI
PEECE6 ANKRR,VUH ANKRR
PEECE6 KELPP,VUH KELPP
PEECE6 MUSYL,VUH MUSYL
PENCL2 EMAHH,PENCL LEDRR EMAHH
PENCL2 JAACE,PENCL LEDRR JAACE
PENCL2 LEDRR,PENCL LEDRR
PEVEE6 CLEEE,PEVEE HOLTZ DOTSS EYEDL HOMER CLEEE
PEVEE6 CNERY,PEVEE HOLTZ DOTSS WIILD BLCKD CSTWY CNERY
PEVEE6 OTAYY,PEVEE TANNN NNICE PNDAH OTAYY
PEVEE6 TCATE,PEVEE TANNN NNICE PNDAH TCATE
PFLYD1 DORET,PFLYD CURTY DORET
PFLYD1 DUUKR,PFLYD DUUKR
PFLYD1 JASEE,PFLYD CURTY JASEE
PFLYD1 MAAJR,PFLYD CURTY MAAJR
PFLYD1 PATRC,PFLYD LNDYN PATRC
PHIIL3 HRTWL,PHIIL LAGGR MULSN HRTWL
PIEPE6 IBUFY,PIEPE IBUFY
PIGGN3 AVRRY,PIGGN FNCHH TBERD PEELR MTBAL AVRRY
PIGGN3 CNERY,PIGGN WIILD FLWRZ BLCKD CSTWY CNERY
PIGGN3 OTAYY,PIGGN WIILD WAGAV OTAYY
PIGGN3 TCATE,PIGGN WIILD TCATE
PIKES2 ALS,DEN TEHEV ALS
PIKES2 BINKE,DEN TEHEV BINKE
PIKES2 PUB,DEN ADANE DRAKE PUB
PITKN5 NOVJO,GLENO SLOLM NOVJO
PITKN5 PACES,GLENO SLOLM PACES
PITZZ5 CRGER,PITZZ CUZZZ ZUUUU PUFER PSTUR CRGER
PITZZ5 MNURE,PITZZ GRZIA CHATI BOCCK MNURE
PITZZ5 SAT,PITZZ GRZIA CHATI BOCCK MNURE MARCS SAT
PITZZ5 WAILN,PITZZ MNNKE WEEED WAILN
PLAIN1 AKO,DEN EEONS AKO
PLAIN1 ASHBY,DEN EEONS AKO ASHBY
PLAIN1 BELKE,DEN EMMYS TEKMY BELKE
PLAIN1 CABET,DEN EXTAN TXC CABET
PLAIN1 GCK,DEN EPKEE WEEDS GCK
PLAIN1 GLD,DEN EXTAN TXC GLD
PLAIN1 HCT,DEN EEONS AKO ASHBY HCT
PLAIN1 MCK,DEN EMMYS TEKMY BELKE MCK
PLAIN1 TXC,DEN EXTAN TXC
PLAIN1 WEEDS,DEN EPKEE WEEDS
PLATA1 CEZ,PLATA CEZ
PLATA1 DRO,PLATA RIZAL MARKE DRO
PLATA1 MARKE,PLATA RIZAL MARKE
PLATA1 RIZAL,PLATA RIZAL
PLESS5 DENNI,PLESS DENNI
PLESS5 BNA,PLESS DENNI BNA
PLMMR3 BURGG,PLMMR TENSE NWANT BURGG
PLMTO3 CRE,PLMTO CRE
PNDAH2 OTAYY,PNDAH OTAYY
PNDAH2 TCATE,PNDAH TCATE
POAKE2 SAF,POAKE SAF
POAKE2 TAS,POAKE TAS
POM1 AVE,POM BUCCK TOOBD GMN COREZ AVE
POM1 DAG,POM SULZU FROUN DAG
POM1 GMN,POM BUCCK TOOBD GMN
POM1 EHF,POM BUCCK TOOBD EHF
PORTT4 BIGGY,PORTT RIETA SBJ BIGGY
PORTT4 ELIOT,PORTT SIRLY FENLY ELIOT
PORTT4 LANNA,PORTT RIETA SBJ LANNA
PORTT4 PARKE,PORTT RIETA SBJ PARKE
POTOR2 CLOVA,POTOR CLOVA
POTOR2 PUW,POTOR PUW
POUNC2 GRGIA,POUNC PNTHA GRGIA
POUNC2 STEIT,POUNC PNTHA GRGIA STEIT
PPKEO1 BARBY,PPKEO SEGBE MALOA BARBY
PPKEO1 LAVAS,PPKEO SEGBE MALOA MAKEA LAVAS
PPKEO1 PLACK,PPKEO SEGBE MALOA MAKEA PLACK
PPKEO1 UPP,PPKEO SEGBE MALOA UPP
PPORT4 BAF,PPORT SHOEL RBELA COTEE BAF
PPORT4 CCC,PPORT SHOEL RBELA JJIMY YANTC CCC
PPORT4 NELIE,PPORT SHOEL RBELA JJIMY NELIE
PTRON9 CRP,PTRON SKUBA PSX YOMOM CRP
PTRON9 PSX,PTRON SKUBA PSX
PTRON9 NGP,PTRON RIIGG NGP
PTRON9 WWREN,PTRON RIIGG WWREN
PTRON9 YOMOM,PTRON SKUBA PSX YOMOM
PUYVO5 PUYVO,HARRP PUYVO
PVINE5 CRDDZ,PVINE CRDDZ
PVINE5 HALLE,PVINE HALLE
PVINE5 PYGOW,PVINE RBBRY PYGOW
QUAK8 LYH,GSO JEANY LYH
QUAK8 RDU,GSO JEANY RDU
QUAK8 RIC,GSO JEANY CREWE RIC
QUAK8 ROA,GSO JEANY ROA
QUAK8 SBV,GSO JEANY SBV
QUAKY1 CARTL,SNOBL CARTL
QUAKY1 GCN,SNOBL CARTL LOFTS RIMMM GCN
QUAKY1 JARPA,SNOBL CARTL JARPA
QUAKY1 RIMMM,SNOBL CARTL LOFTS RIMMM
QUAKY1 YOOPR,SNOBL CARTL YOOPR
RACER8 BUM,MCI BUM
RACER8 DOSOA,MCI DOSOA
RACER8 SGF,MCI BUM SGF
RADYR2 BLAQQ,RADYR BLAQQ
RADYR2 BLH,RADYR DOYYL ZELMA BLH
RADYR2 BOJAC,RADYR DOYYL BOJAC
RADYR2 HEC,RADYR SLVRR TOPAC HEC
RADYR2 LVELL,RADYR DOYYL ZELMA JOTNU LVELL
RADYR2 SLVRR,RADYR SLVRR
RAJEE4 AVRRY,RAJEE ELLBO ARRDY PEELR MTBAL AVRRY
RAJEE4 DINTY,RAJEE NIKKL SHAYL ARIII LANAA TUDOO SXC DINTY
RAJEE4 MALIT,RAJEE NIKKL SHAYL ARIII LANAA TUDOO SXC MALIT
RAJEE4 MTBAL,RAJEE ELLBO ARRDY PEELR MTBAL
RAJEE4 OTAYY,RAJEE ELLBO JUMPA RORBE OTAYY
RDU1 FAY,RDU EVIGY FAY
RDU1 GSO,RDU JAYRR GSO
RDU1 ROZBO,RDU ROZBO
RAMBL6 CLL,RAMBL ARDIA ELLVR CLL
RAMBL6 ELLVR,RAMBL ARDIA ELLVR
RAMBL6 HOARY,RAMBL NELYN ACT PRIZE HOARY
RAMBL6 TNV,RAMBL DARTZ BRDEN TORNN BILEE TNV
RAMBL6 SAT,RAMBL NELYN ACT PRIZE HOARY SAT
RAMBL6 TORNN,RAMBL DARTZ BRDEN TORNN
RAMBL6 ACT,RAMBL NELYN ACT
RAMBL6 WINDU,RAMBL JASPA WINDU
RASLR3 ZAYNE,RASLR ROHCK ZAYNE
RATPK3 FRNCK,RATPK DARDN FRNCK
RDFLG5 RDFLG,SHMMR HRDNG RDFLG
RDHSE1 JIBKA,RDHSE JIBKA
RDHWK3 HOLLE,RDHWK HOLLE
RDRNR3 GUP,RDRNR SPEDY BABYY BUSLE GUP
RDRNR3 ZUN,RDRNR SPEDY PNYON ZUN
RDSOX1 JFRYS,RDSOX JFRYS
READE7 DRAIK,READE DRAIK
READE7 LYH,READE LYH
READE7 MOL,READE MOL
READE7 SANNY,READE DRAIK SANNY
REBLL5 OTTTO,REBLL OTTTO
REGAE2 URSUS,REGAE NINNO CRUZN GLAMS LRODD URSUS
RETYR8 CRGER,MNNKE ZUUUU PUFER PSTUR CRGER
RETYR8 JCT,MNNKE BOCCK MNURE HAYYY FOWLR JCT
RETYR8 MNURE,MNNKE BOCCK MNURE
RETYR8 SAT,MNNKE BOCCK MNURE MARCS SAT
RETYR8 WAILN,MNNKE WEEED WAILN
RHONE3 JNC,RHONE GIUBB JNC
RHONE3 TESSY,RHONE LOMMA TESSY
RICHY7 GENNE,RICHY MARRI GENNE
RICHY7 MARRI,RICHY MARRI
RICHY7 SPOOK,RICHY SPOOK
RICHY7 TILTS,RICHY MARRI TILTS
RIDDG1 MSO,RIDDG MSO
RIDDG1 MLP,RIDDG MLP
RIDDG1 SKOTT,RIDDG DRDVL SKOTT
RITAA7 CRP,RITAA SKUBA PSX YOMOM CRP
RITAA7 PSX,RITAA SKUBA PSX
RITAA7 NGP,RITAA RIIGG NGP
RITAA7 WWREN,RITAA RIIGG WWREN
RITAA7 YOMOM,RITAA SKUBA PSX YOMOM
RNLDI4 OTTTO,RNLDI OTTTO
RST1 ALO,RST ALO
ROCKI6 HBU,DEN BAYLR BOBBA HBU
ROCKI6 DVC,DEN BAYLR BOBBA TEHRU MTJ DVC
ROCKI6 RLG,DEN ZIMMR RLG
ROCKI6 EKR,DEN ZIMMR RLG EKR
ROCKI6 MTJ,DEN BAYLR BOBBA TEHRU MTJ
ROCKI6 DBL,DEN CONNR DBL
ROCKT3 AHTIY,ROCKT CADRE AHTIY
ROCKT3 ARRAY,ROCKT ARRAY
ROCKY1 SPI,ROCKY SPI
ROCKY1 STL,ROCKY STL
RONHU2 FLUEN,RONHU TRSAK FLUEN
RONHU2 LAPED,RONHU WAGUP KAYAA LAPED
RONHU2 ENI,RONHU TRSAK URYKA ENI
RONHU2 MENSE,RONHU WAGUP MENSE
RSCO3 DAG,VVERA SSETH DAG
RSCO3 HEC,VVERA SSETH HEC
ROTRY5 BDF,ROTRY SKUTR BDF
ROYAL2 ARENZ,MCI CAYKO JTHRO ARENZ
ROYAL2 BODYN,MCI CAYKO JTHRO ARENZ BODYN
ROYAL2 TONCE,MCI JDOGG TONCE
RREHD1 HADLY,RREHD BAYRN HADLY
RREHD1 NTELL,RREHD BAYRN HADLY JRICE NTELL
RUGGD3 HOLTR,RUGGD KLOUD SAWGI HOLTR
RUGGD3 KIERA,RUGGD LOFOG LEGBE KIERA
RUGGD3 EKR,RUGGD UPJAR BORZI EKR
RUGGD3 PERTY,RUGGD HERTS PERTY
RUGGD3 OCS,RUGGD SPINE SKIII POPLE OCS
RVRCT4 MACUS,RVRCT DNGER MACUS
RVRCT4 RALEY,RVRCT DNGER RALEY
RVRCT4 SHUFL,RVRCT DOSCO DUNGN DRAGN SHUFL
RYPAX2 GETER,RYPAX GETER
RYPAX2 LAPED,RYPAX LAPED
RYPAX2 MERRI,RYPAX LAMSN LUCRN MERRI
RYPAX2 SABBY,RYPAX LAMSN SABBY
SABTH2 JOPLN,SABTH JOPLN
SABTH2 VRONI,SABTH VRONI
SAHEY4 KAYEX,SAHEY MAAYS MCOVY KAYEX
SAHEY4 KTINA,SAHEY MAAYS MCOVY KTINA
SAHEY4 NTELL,SAHEY CIITY HOPII NTELL
SAHEY4 SUSEY,SAHEY MAAYS MCOVY SUSEY
SALAD5 ALTAM,SALAD ALTAM
SJC3 AVE,MOONY AVE
SJC3 PXN,MOONY PXN
SMO3 DAG,CHOII SLAPP JARZO VVERA SSETH DAG
SMO3 HEC,CHOII SLAPP JARZO VVERA SSETH HEC
SAYOW2 IPL,SAYOW CHRJR JUNOR IPL
SAYOW2 MTBAL,SAYOW LEGUE JLI NSHEE MTBAL
SCAMR4 FRNCK,SCAMR RATPK DARDN FRNCK
SCAMR4 HOCEE,SCAMR URSLA NIITZ HOCEE
SCAMR4 IWANS,SCAMR URSLA NIITZ IWANS
SCAMR4 PGA,SCAMR URSLA NIITZ PGA
SCAMR4 SSKEE,SCAMR URSLA NIITZ IWANS SSKEE
SCAMR4 TUKRR,SCAMR URSLA GIDGT NICLE TUKRR
SCAMR4 VERKN,SCAMR URSLA GIDGT GEEOO BETHL VERKN
SCAMR4 ZAYNE,SCAMR URSLA RASLR ROHCK ZAYNE
SCHEP1 RXANN,SCHEP RXANN
SCOT7 ABQ,JONHH FORPE IZTIR CHEKR SALTS WEKUM HOZER SJN PERRL ACOMA ABQ
SCOT7 BLH,JONHH BXK VICKO SODSE JAROZ BLH
SCOT7 BXK,JONHH BXK
SCOT7 DINGO,JONHH WINRR TFD BASER DINGO
SCOT7 GBN,JONHH MOBIE GBN
SCOT7 OLIIN,JONHH WINRR TFD PUSCH OLIIN
SCOT7 TUS,JONHH WINRR TFD TUS
SCRAM6 GLANC,SCRAM DANOO WALCE GLANC
SCTWN4 MACUS,SCTWN DNGER MACUS
SCTWN4 RALEY,SCTWN DNGER RALEY
SCTWN4 SHUFL,SCTWN DOSCO DUNGN DRAGN SHUFL
SEGUL1 YYUNG,SEGUL CYPRS YYUNG
SELPH7 OHULO,SELPH OHULO
SETHY5 AASTN,SETHY AASTN
SETHY5 TABER,SETHY MRUNN FUENT TABER
SEVYR3 OAL,TCH EDETH SEVYR OAL
SEVYR3 MLF,TCH EDETH SEVYR MLF
SLNT3 LIN,REBAS LIN
SLNT3 ENI,REBAS SASSU ENI
SLNT3 RBL,REBAS SAWNA RBL
SLNT3 SAC,REBAS SAC
SILKS6 TRFWA,SILKS TRFWA
SKIFF7 GOLET,SKIFF SQUID SUPNY GOLET
SKIFF7 KWANG,SKIFF KWANG
SKIFF7 SQUID,SKIFF SQUID
SKIFF7 VTU,SKIFF ROBOR VTU
SKORR5 RNGRR,SKORR METSS RNGRR
SKORR5 YNKEE,SKORR CESID YNKEE
SKWRL2 GMN,SKWRL BULLL OROSZ GMN
SKWRL2 VALEY,SKWRL NTSHA VALEY
SKYEE1 DAAYE,SKYEE SOLAR SMMUR DAAYE
SKYEE1 JOPLN,SKYEE SHOJO SABTH JOPLN
SKYEE1 SLEEK,SKYEE STAKR AZARO SLEEK
SKYEE1 SUDDZ,SKYEE SCAGS FRNKE SUDDZ
SKYEE1 VRONI,SKYEE SHOJO SABTH VRONI
SKYL1 AVE,WAGES AVE
SKYL1 FLW,WAGES FLW
SKYL1 PXN,WAGES PXN
SLAPP2 BLH,SLAPP YAAPY JETHK AERRO DECAS BLH
SLAPP2 HAILO,SLAPP YAAPY JETHK BBITE ANTLP GUNNR ARRMY HAILO
SLAPP2 HEC,SLAPP YAAPY JETHK BBITE ANTLP HEC
SLAPP2 LAS,SLAPP YAAPY JETHK BBITE ANTLP NNAVY BLAZN LAS
SLAPP2 MISEN,SLAPP YAAPY JETHK BBITE ANTLP NNAVY MISEN
SLAYR4 TEYOU,SLAYR TTOSS TEYOU
SLENA1 BRENI,SLENA BRENI
SLIDZ2 LENDS,FIXAS QUIZR LENDS
SMKEY2 BOBBD,SMKEY HUCHH BOBBD
SMLTZ3 WALET,SMLTZ WALET
SMMUR2 DAAYE,SMMUR DAAYE
SMMUR2 RAITT,SMMUR RAITT
SNAKO3 JACKS,SNAKO JACKS
SNAKO3 MURTH,SNAKO MURTH
SNAKO3 ROGET,SNAKO ROGET
SNAKO3 SAMAN,SNAKO SAMAN
SNAKO3 WODEN,SNAKO WODEN
SNAPR2 RAJAY,SNAPR KRAFT HEYDR RAJAY
SNAPR2 SUMAC,SNAPR KRAFT HEYDR SUMAC
SNDLR2 SHEDS,SNDLR SHEDS
SNDRS3 BGHRT,SNDRS REEDA SEABS KNRKO BGHRT
SNDRS3 TORRR,SNDRS TORRR
SNGRA2 JUICE,CHAKA JUICE
SNGRA2 SLUGO,CHAKA SLUGO
SNGRA2 COY,CHAKA COY
SNIDR1 BLUMS,SNIDR SEEDS WEMAR FFSSH WHAEL BLUMS
SNIDR1 CAAGE,SNIDR SEEDS WEMAR FFSSH WHAEL CAAGE
SNIDR1 FFSSH,SNIDR SEEDS WEMAR FFSSH
SNIDR1 MOLLR,SNIDR SEEDS WEMAR FFSSH WHAEL BLUMS BALIO MOLLR
SNIDR1 SEEDS,SNIDR SEEDS
SNIDR1 WEMAR,SNIDR SEEDS WEMAR
SNIDR1 WHAEL,SNIDR SEEDS WEMAR FFSSH WHAEL
SNIDR1 WYLSN,SNIDR SEEDS WEMAR WHAEL WYLSN
SNOBL6 CARTL,SNOBL CARTL
SNOBL6 GCN,SNOBL CARTL LOFTS RIMMM GCN
SNOBL6 JARPA,SNOBL CARTL JARPA
SNOBL6 RIMMM,SNOBL CARTL LOFTS RIMMM
SNOBL6 YOOPR,SNOBL CARTL YOOPR
SNOOZ5 STT,SNOOZ STT
SNOOZ5 VEDAS,SNOOZ VEDAS
SNSET4 ALIAN,SNSET RBBIT FUMED ALIAN
SNSET4 BRHMA,SNSET ROOOO RUFFS KATZZ BRHMA
SNSET4 CIKAN,SNSET RBBIT LYNDE WSTEX CIKAN
SNSET4 DOSXX,SNSET RBBIT LYNDE WSTEX DOSXX
SNSET4 HUDAD,SNSET PGLET MUTEE HUDAD
SNSET4 HULZE,SNSET TYGGR DBLSS HRPER HULZE
SNSET4 WSTEX,SNSET RBBIT LYNDE WSTEX
SNSHN5 BEALE,SNSHN BROOQ LIVVI XBBOX ARCUS YELAH WYZEE BEALE
SNSHN5 COREZ,SNSHN NLAND SHORS MDWAY COREZ
SNSHN5 HAILO,SNSHN BROOQ LIVVI GUNNR ARRMY HAILO
SNSHN5 LAS,SNSHN BROOQ LIVVI XBBOX NNAVY BLAZN LAS
SNSHN5 MISEN,SNSHN BROOQ LIVVI XBBOX NNAVY MISEN
SNSHN5 EHF,SNSHN NLAND TUNAY EHF
SNSHN5 YELAH,SNSHN BROOQ LIVVI XBBOX ARCUS YELAH
SNTNA2 DEDHD,SNTNA DEDHD
SNTNA2 GRTFL,SNTNA GRTFL
SNTNA2 MOGEE,SNTNA MOGEE
SNTNA2 ORRCA,SNTNA ORRCA
SNTNA2 SYRAH,SNTNA SYRAH
SNTNA2 TIPRE,SNTNA TIPRE
SOKOY3 SAC,SOKOY SAC
SOKOY3 ILA,SOKOY ILA
SOOKI5 SWANN,SOOKI SWANN
SPILR1 BNGIN,SPILR BNGIN
SPTNS1 JFREE,TECKY JFREE
SPTNS1 VLREE,TECKY VLREE
SSTIK5 KAYEX,PORTE KAYEX
SSTIK5 KTINA,PORTE KTINA
SSTIK5 NTELL,PORTE UTOOB NTELL
SSTIK5 SUSEY,PORTE SUSEY
SSTIK5 YYUNG,PORTE FFOIL LIBBO YYUNG
SSYKO3 KAYOS,SSYKO KAYOS
SJN9 ABQ,SJN ABQ
STAKK5 BZN,STAKK CUSRI SWEDD BZN
STAKK5 CONNS,STAKK CUSRI SWEDD CONNS
STAKK5 GTF,STAKK FAVOX HONVI TICUS GTF
STAKK5 LWT,STAKK FAVOX HONVI LWT
STAKK5 WAUTS,STAKK FAVOX WAUTS
TFD4 OLIIN,TFD PUSCH OLIIN
TFD4 TUS,TFD TUS
STAYY4 AVRRY,STAYY FNCHH TBERD PEELR MTBAL AVRRY
STAYY4 CNERY,STAYY WIILD FLWRZ BLCKD CSTWY CNERY
STAYY4 OTAYY,STAYY WIILD WAGAV OTAYY
STAYY4 TCATE,STAYY WIILD TCATE
STHBY1 BEALE,STHBY HOLTZ OSHNN CAHIL ZOOMM SEBBY PLAYY ARCUS YELAH WYZEE BEALE
STHBY1 CLEEE,STHBY HOLTZ DOTSS EYEDL HOMER CLEEE
STHBY1 CNERY,STHBY HOLTZ DOTSS WIILD BLCKD CSTWY CNERY
STHBY1 MISEN,STHBY HOLTZ OSHNN CAHIL ZOOMM SEBBY PLAYY ARCUS YELAH MISEN
STHBY1 OTAYY,STHBY TANNN NNICE PNDAH OTAYY
STHBY1 TCATE,STHBY TANNN NNICE PNDAH TCATE
STPHN3 BFFFY,STPHN BFFFY
STPHN3 ZEEWE,STPHN BFFFY ZEEWE
STRRM1 TUS,STRRM TUS
STRYA8 DPATY,STRYA DPATY
STRYA8 JBULL,STRYA JBULL
STUNO1 ALD,STUNO ALD
STUNO1 IRQ,STUNO FIBRO IRQ
STUNO1 DBN,STUNO DBN
STYCK8 DOLEY,STYCK DOLEY
STYCK8 WTSON,STYCK WTSON
SUMMA2 BKE,SUMMA BKE
SUMMA2 LKV,SUMMA LKV
SUMMR2 DINTY,SUMMR OLOFF RIZIN OINGO DINTY
SUMMR2 FICKY,SUMMR BNANO DONKS FICKY
SUMMR2 MCKEY,SUMMR OLOFF RIZIN MCKEY
SUMMR2 RIZIN,SUMMR OLOFF RIZIN
SUMMR2 SCTRR,SUMMR OLOFF RIZIN TESEA SCTRR
SUMMR2 STOKD,SUMMR OLOFF RIZIN SPLNT STOKD
SUNOL1 LIN,SUNOL LIN
SUNOL1 SAC,SUNOL ALTAM SAC
SWABR1 ALIAN,SWABR RBBIT FUMED ALIAN
SWABR1 BRHMA,SWABR ROOOO RUFFS KATZZ BRHMA
SWABR1 CIKAN,SWABR RBBIT LYNDE WSTEX CIKAN
SWABR1 DOSXX,SWABR RBBIT LYNDE WSTEX DOSXX
SWABR1 HUDAD,SWABR PGLET MUTEE HUDAD
SWABR1 HULZE,SWABR TYGGR DBLSS HRPER HULZE
SWABR1 WSTEX,SWABR RBBIT LYNDE WSTEX
SWPFX3 FILLI,SWPFX FILLI
SWTSR7 ADM,SWTSR LOWGN ADM
SWTSR7 BLECO,SWTSR BLECO
SWTSR7 EAKER,SWTSR GRABE EAKER
SWTSR7 GRABE,SWTSR GRABE
SWTSR7 MLC,SWTSR AKUNA TIKYS MLC
SWTSR7 OKM,SWTSR GRABE EAKER OKM
SWTSR7 ROLLS,SWTSR LOWGN ADM MRMAC ROLLS
SWTSR7 TIKYS,SWTSR AKUNA TIKYS
SWTSR7 TUL,SWTSR BLECO ZEMMA TUL
SWTSR7 IRW,SWTSR BLECO ZEMMA IRW
SWTSR7 ZEMMA,SWTSR BLECO ZEMMA
TAFOY3 ACH,TAFOY ACH
TAFOY3 FTI,TAFOY FTI
TAZMO3 BURME,TAZMO BURME
TBIRD6 CHEFS,TBIRD CHEFS
TBIRD6 KPASA,TBIRD SIGME PANNT MATLK HAHNA KPASA
TBIRD6 MATLK,TBIRD SIGME PANNT MATLK
TBIRD6 SHRKS,TBIRD SIGME PANNT MATLK WAKKO MJAMS SHRKS
TBIRD6 SMELZ,TBIRD SIGME PANNT MATLK HAHNA SMELZ
TBIRD6 VIYAP,TBIRD SIGME PANNT MATLK ONEWY ZERBO DUCEN FEMON VIYAP
TDOWN3 SFL,TDOWN CADEK SFL
TEBRD3 ATOKA,TEBRD ATOKA
TECKY4 JFREE,TECKY JFREE
TECKY4 VLREE,TECKY VLREE
TEDDD5 HILTS,TEDDD ENL ZOLLI HILTS
TEDDD5 IIU,TEDDD ENL ZOLLI HILTS IIU
TERPZ8 CLTCH,TERPZ LITME HIRCK BUTRZ CLTCH
TERPZ8 FLASK,TERPZ LITME HIRCK BUTRZ CLTCH KERRK TEEMS FLASK
TERPZ8 GLANC,TERPZ LITME HIRCK SCRAM DANOO WALCE GLANC
TERPZ8 MAULS,TERPZ LITME HIRCK BUTRZ CLTCH KERRK MAULS
TERPZ8 MELTN,TERPZ LITME HIRCK JDUBB CASLY MELTN
TERPZ8 RRSIN,TERPZ LITME HIRCK JDUBB TYPNZ SCORN RRSIN
TEX5 ADM,FUZ LOWGN ADM
TEX5 BLECO,FUZ BLECO
TEX5 DECKK,FUZ BLECO ZEMMA NOOGY DECKK
TEX5 EAKER,FUZ GRABE EAKER
TEX5 GRABE,FUZ GRABE
TEX5 OKM,FUZ GRABE EAKER OKM
TEX5 ROLLS,FUZ LOWGN ADM MRMAC ROLLS
TEX5 TUL,FUZ BLECO ZEMMA TUL
TEX5 IRW,FUZ BLECO ZEMMA IRW
TEX5 ZEMMA,FUZ BLECO ZEMMA
THRPE3 FLECH,THRPE GGOLD FLECH
THRPE3 GGOLD,THRPE GGOLD
TIDES1 CAMJO,TIDES HYRON BRUNG ENDED WILON SPRNG CAMJO
TIDES1 CIGAR,TIDES GOLTY PSTOL CIGAR
TIDES1 FROOT,TIDES GOLTY PSTOL FROOT
TIDES1 MOMIE,TIDES HYRON BRUNG ENDED MOMIE
TIFTO8 TIFTO,MCI TIFTO
TIPPN3 BRXTN,TIPPN BRXTN
TJANO1 KAHAN,TJANO TEEPY KAHAN
TJANO1 ZANNI,TJANO TEEPY ZANNI
TOPMM5 COREZ,TOPMM PYPES PLTFM OVEUR OROSZ SHORS MDWAY COREZ
TOPMM5 CSTRO,TOPMM PYPES PLTFM OVEUR OROSZ HEYJO CSTRO
TRI9 BOTTM,GSO BOTTM
TRI9 CARWN,GSO BOLTT CARWN
TRI9 CLINE,GSO CLINE
TRI9 YADKI,GSO YADKI
TRIXY5 AML,TRIXY AML
TRIXY5 ESL,TRIXY ESL
TRIXY5 LDN,TRIXY LDN
TRMML4 GNZOE,TRMML DDEEZ GNZOE
TRSHA1 BAWDS,TRSHA RUFFN BAWDS
TRSHA1 TAARZ,TRSHA GEEPS TAARZ
TRTON2 DINTY,DARRK FIXIT IKAYE RIZIN OINGO DINTY
TRTON2 FICKY,DARRK BNANO DONKS FICKY
TRTON2 MCKEY,DARRK FIXIT IKAYE RIZIN MCKEY
TRTON2 SCTRR,DARRK FIXIT IKAYE TESEA SCTRR
TRTON2 STOKD,DARRK FIXIT IKAYE RIZIN SPLNT STOKD
TRUKN2 DEDHD,TRUKN DEDHD
TRUKN2 GRTFL,TRUKN GRTFL
TRUKN2 MOGEE,TRUKN HYPEE MOGEE
TRUKN2 ORRCA,TRUKN HYPEE ORRCA
TRUKN2 SYRAH,TRUKN COSMC SYRAH
TRUKN2 TIPRE,TRUKN COSMC TIPRE
TRUPR3 COORT,TRUPR COORT
TRUPR3 DRLER,TRUPR DRLER
TRUPR3 GTYER,TRUPR COORT GTYER
TRYTN4 LOOSE,TRYTN LOOSE
TUS9 BAYBI,TUS BAYBI
TUS9 BBALL,TUS BBALL
TUS9 GBN,TUS ROSKR GBN
TUS9 MESCA,TUS MESCA SSO
TUS9 PXR,TUS BBALL PXR
TUS9 REDDY,TUS REDDY SSO
TURPS2 HALBI,TURPS MIXAE HALBI
TURPS2 LENDS,TURPS HAAVI PERMT LENDS
TURPS2 PERMT,TURPS HAAVI PERMT
UCEEE2 BOBBI,UCEEE BOBBI
UECKR6 DELHI,UECKR LADDI DELHI
UECKR6 SAMPL,UECKR SAMPL
UYRIG5 DBL,UYRIG DBL
UYRIG5 SXW,UYRIG SXW
VNY3 AVE,VNY IPIHO TWINE CASTA GMN COREZ AVE
VNY3 DAG,VNY IPIHO TWINE LANGE SLAPP BOGET PMD ETHER DAG
VNY3 FIM,VNY IPIHO SUANA FIM
VNY3 GMN,VNY IPIHO TWINE CASTA GMN
VNY3 PMD,VNY IPIHO TWINE LANGE SLAPP BOGET PMD
VNY3 TWINE,VNY IPIHO TWINE
VARNM2 GLAZR,VARNM GLAZR
VARNM2 RESPE,VARNM RESPE
VTU8 DINTY,VTU SUDDO DINTY
VTU8 RZS,VTU RZS
VENUS4 CLL,TTT ARDIA ELLVR CLL
VENUS4 ELLVR,TTT ARDIA ELLVR
VENUS4 HOARY,TTT NELYN ACT HOARY
VENUS4 TNV,TTT DARTZ TORNN BILEE TNV
VENUS4 SAT,TTT NELYN ACT HOARY SAT
VENUS4 TORNN,TTT DARTZ TORNN
VENUS4 ACT,TTT NELYN ACT
VENUS4 WINDU,TTT JASPA WINDU
VICTO1 HLN,VICTO HLN
VICTO1 MLP,VICTO GRAAP MLP
VICTO1 LKT,VICTO LKT
VICTO1 SKOTT,VICTO GRAAP INHAL MOHEN SKOTT
VRSTY3 NOKIE,VRSTY NOKIE
VVERA2 DAG,VVERA SSETH DAG
VVERA2 HEC,VVERA SSETH HEC
WAGGE8 LLC,WAGGE JERGA LLC
WATFO6 ANKRR,VUH ANKRR
WATFO6 KELPP,VUH KELPP
WATFO6 MUSYL,VUH MUSYL
WEAZL5 CLAWD,WEAZL CLAWD
WENAS7 ELN,WENAS OJAHO ELN
WENAS7 PAPPS,WENAS OHKAR PAPPS
WENAS7 PERTT,WENAS SELAH PERTT
WENAS7 RUBEL,WENAS OLUWO RUBEL
WENAS7 SUNED,WENAS OHAWY SUNED
WENAS7 TITON,WENAS ORJOR TITON
WENDY3 BELMN,WENDY BELMN
WENDY3 HNGER,WENDY LARKO HNGER
WENDY3 LARKO,WENDY LARKO
WESLA5 KAYEX,PORTE KAYEX
WESLA5 KTINA,PORTE KTINA
WESLA5 NTELL,PORTE UTOOB NTELL
WESLA5 SUSEY,PORTE SUSEY
WESLA5 YYUNG,PORTE FFOIL LIBBO YYUNG
WETSI2 BINAL,WETSI BINAL
WHAMY5 IMB,WHAMY IMB
WHAMY5 KOATA,WHAMY KOATA
WHRLI7 MCM,WHRLI MRCOS MCM
WIGLE3 LUCKK,WIGLE RINZY BANNG LUCKK
WIGLE3 NOKIE,WIGLE CHPER VRSTY NOKIE
WIGLE3 SARGE,WIGLE RINZY HAALO SARGE
WIGLE3 WALET,WIGLE CHPER SMLTZ WALET
WLDCT6 KENTN,MCI KENTN
WLDCT6 SLN,MCI SLN
WLDCT6 ICT,MCI KENTN ICT
ISN6 FONIA,ISN FONIA
ISN6 FORBI,ISN FORBI
ISN6 GINBE,ISN GINBE
ISN6 HASOS,ISN HASOS
ISN6 OFEGY,ISN OFEGY
WLDKT4 BBALL,WLDKT BBALL
WLDKT4 GBN,WLDKT ROSKR GBN
WLDKT4 HOTTT,WLDKT HOTTT
WLDKT4 SSO,WLDKT OLLSN REDDY SSO
WLFRD2 ALASK,WLFRD VCNTE ALASK
WLFRD2 BQN,WLFRD VCNTE OMMAR MIGGL ADECY KMCHO BQN
WLFRD2 DDP,WLFRD VCNTE OMMAR MIGGL ADECY JOSHE DDP
WLFRD2 OLGAH,WLFRD OLGAH
WLKKR4 COREZ,WLKKR OROSZ BRRKK SHORS MDWAY COREZ
WLKKR4 CSTRO,WLKKR OROSZ HEYJO CSTRO
WLKKR4 OROSZ,WLKKR OROSZ
WLSTN7 GRB,WLSTN GRB
WNGSS1 HBU,WNGSS BUBLS BRANF BAYLR BOBBA HBU
WNGSS1 CHNGY,WNGSS ZENLO ZIMMR CHNGY
WNGSS1 TEHRU,WNGSS BUBLS BRANF BAYLR BOBBA TEHRU
WNGSS1 VOAXA,WNGSS KINLE COORZ VOAXA
WNGSS1 WERNR,WNGSS COUSN CONNR WERNR
WNNDY3 COREZ,WNNDY SHORS MDWAY COREZ
WNNDY3 CSTRO,WNNDY HEYJO CSTRO
WNSKI2 FERER,WNSKI FERER
WNSKI2 JUWSO,WNSKI DRRTY JUWSO
WNSKI2 KACEE,WNSKI PHYLE KACEE
WNSKI2 KARLO,WNSKI ZADER KARLO
WNSKI2 MUMTE,WNSKI TURNE MUMTE
WOOLY2 AGARD,WOOLY AGARD
WOOLY2 BAL,WOOLY BAL
WOOLY2 SWANN,WOOLY SWANN
WORTH1 ABI,TTT PODDE MQP ABI
WORTH1 CDS,TTT FERRA SCABI CDS
WORTH1 CNX,TTT PODDE MQP ABI LBB CNX
WORTH1 LBB,TTT PODDE MQP ABI LBB
WORTH1 PNH,TTT FERRA SCABI CDS PNH
WORTH1 PODDE,TTT PODDE
WORTH1 TXO,TTT PODDE MQP ABI LBB TXO
WSTEX2 CIKAN,WSTEX CIKAN
WSTEX2 DOSXX,WSTEX DOSXX
WYLSN8 GIFFA,MONNT BUMCO GIFFA
WYLSN8 MAJKK,MONNT KLJOY MAJKK
WYNGS5 RAMAY,WYNGS RAMAY
WYNNR4 FLW,WYNNR FLW
WYNNR4 PRB,WYNNR PRB
WYNNR4 RZS,WYNNR RZS
XAVRR2 SLLAM,XAVRR SLLAM
YELLO4 CYS,DEN YALES CYS
YELLO4 HANKI,DEN COPLA HANKI
YELLO4 LAR,DEN YAMMI LAR
YELLO4 MBW,DEN YAMMI MBW
YELLO4 NATTI,DEN YAMMI LAR NATTI
YELLO4 RAP,DEN GLL RAP
YELLO4 BFF,DEN BFF
YODUH1 KLNGR,YODUH KLNGR
YODUH1 PRTZY,YODUH GJACK PRTZY
YOTES6 GCN,YOTES GCN
YOTES6 JARPA,YOTES JARPA
YOTES6 YOOPR,YOTES YOOPR
ZAAPA5 PUUDL,ZAAPA PUUDL
ZAAPA5 SINKR,ZAAPA YELOE SINKR
ZAAPA5 SNNOH,ZAAPA YELOE SNNOH
ZACHH4 BSKAT,ZACHH BSKAT
ZARLO2 GLASR,ZARLO GLASR
ZARLO2 SKYKO,ZARLO HYAKK SKYKO
ZEFFR9 BLKJK,EPOSE HITME WITTT DATTT BLKJK
ZEFFR9 DARBI,EPOSE KSINO DARBI
ZEFFR9 MRLET,EPOSE JCKPT MRLET
ZEFFR9 PESKE,EPOSE FOLDD ODLEE PESKE
ZELAN4 BOBBD,ZELAN SMKEY HUCHH BOBBD
ZELAN4 EMAHH,ZELAN WURLD PENCL LEDRR EMAHH
ZELAN4 GLAZR,ZELAN WURLD VARNM GLAZR
ZELAN4 JAACE,ZELAN WURLD PENCL LEDRR JAACE
ZELAN4 RAFTN,ZELAN PADGT RAFTN
ZELAN4 RESPE,ZELAN WURLD VARNM RESPE
ZELAN4 SMTTH,ZELAN PADGT COLVN SMTTH
ZEPER2 RRSTA,ZEPER MAYSA RRSTA
ZETTR4 DUTEL,ZETTR KARIT DUTEL
ZETTR4 ETBOX,ZETTR KARIT ETBOX
ZETTR4 KELTI,ZETTR TANKO KELTI
ZETTR4 SIKBO,ZETTR TANKO SIKBO
ZETTR4 TANKO,ZETTR TANKO
ZIASE5 ABQ,ZIASE ABQ
ZIASE5 GUP,ZIASE CABZO GUP
ZILLI5 FICKY,ZILLI LAUER PLLUT DUNZL IGOTT FICKY
ZILLI5 GROGU,ZILLI BEAUT RIFFT MALIT GROGU
ZIMMR3 CHNGY,ZIMMR CHNGY
ZIONZ1 BCE,ZIONZ GITLN LODUY URNUW BCE
ZIONZ1 EHK,ZIONZ GITLN LODUY URNUW EHK
ZIONZ1 EYELO,ZIONZ KOOGR ROMMN PLEZZ EYELO
ZIONZ1 KIMMR,ZIONZ KOOGR ROMMN KIMMR
ZIONZ1 KROST,ZIONZ GITLN LODUY KROST
ZMBRO7 ODI,ZMBRO ODI
ZOOMM3 BEALE,ZOOMM SEBBY PLAYY ARCUS YELAH WYZEE BEALE
ZOOMM3 HAILO,ZOOMM SEBBY PLAYY GUNNR ARRMY HAILO
ZOOMM3 LAS,ZOOMM SEBBY PLAYY NNAVY BLAZN LAS
ZOOMM3 MISEN,ZOOMM SEBBY PLAYY ARCUS YELAH MISEN
ZOOMM3 NNAVY,ZOOMM SEBBY PLAYY NNAVY
ZUMIT5 FOXOM,ZUMIT FOXOM
ZZOOO4 CENZA,ZZOOO CENZA
ZZOOO4 GBN,ZZOOO ANRMN JORRJ GRIDR GUUSE BLUZE IPL BZA HOGGZ MOHAK JUDTH GBN
ZZOOO4 HOGGZ,ZZOOO ANRMN JORRJ GRIDR GUUSE BLUZE IPL BZA HOGGZ
ZZOOO4 MTBAL,ZZOOO ANRMN JORRJ GRIDR PIEZZ NSHEE MTBAL
ZZOOO4 TGOLD,ZZOOO ANRMN JORRJ GRIDR GUUSE BLUZE IPL BZA HOGGZ MOHAK JUDTH TGOLD
